taxon,dlc_id,hybrid,sex,name,current_resident,stud_book,dob,birth_month,estimated_dob,birth_type,birth_institution,litter_size,expected_gestation,estimated_concep,concep_month,dam_id,dam_name,dam_taxon,dam_dob,dam_age_at_concep_y,sire_id,sire_name,sire_taxon,sire_dob,sire_age_at_concep_y,dod,age_at_death_y,age_of_living_y,age_last_verified_y,age_max_live_or_dead_y,n_known_offspring,dob_estimated,weight_g,weight_date,month_of_weight,age_at_wt_d,age_at_wt_wk,age_at_wt_mo,age_at_wt_mo_no_dec,age_at_wt_y,change_since_prev_wt_g,days_since_prev_wt,avg_daily_wt_change_g,days_before_death,r_min_dam_age_at_concep_y,age_category,preg_status,expected_gestation_d,concep_date_if_preg,infant_dob_if_preg,days_before_inf_birth_if_preg,pct_preg_remain_if_preg,infant_lit_sz_if_preg
EMON,1193,N,M,BILLY,N,5,1964-10-01,10,Y,WB,Unknown Location,NA,127,1964-05-27,5,WILD,NA,NA,NA,NA,WILD,NA,NA,NA,NA,NA,NA,NA,15.64,15.64,NA,Y,2330,1978-11-01,11,5144,734.86,169.12,169,14.09,NA,NA,NA,NA,1.76,adult,NP,NA,NA,NA,NA,NA,NA
EMON,1195,N,F,FLO,N,6,1964-10-01,10,Y,WB,Unknown Location,NA,127,1964-05-27,5,WILD,NA,NA,NA,NA,WILD,NA,NA,NA,NA,1980-03-15,15.46,NA,NA,15.46,NA,Y,1407,1978-11-01,11,5144,734.86,169.12,169,14.09,NA,NA,NA,500,1.76,adult,NP,NA,NA,NA,NA,NA,NA
LCAT,1552,N,F,MAY,N,456,1974-03-18,3,NA,CB,Duke Lemur Center,1,138,1973-10-31,10,585,CALPURNIA,LCAT,1971-03-15,2.63,MULT2,NA,NA,NA,NA,NA,NA,NA,2.34,2.34,NA,NA,135,1974-04-03,4,16,2.29,0.53,0,0.04,NA,NA,NA,NA,1.32,IJ,NP,NA,NA,NA,NA,NA,NA
LCAT,1553,N,F,BALIN-A,N,457,1974-03-18,3,NA,CB,Duke Lemur Center,1,138,1973-10-31,10,546,BALIN,LCAT,1968-12-18,4.87,MULT2,NA,NA,NA,NA,1974-04-08,0.06,NA,NA,0.06,NA,NA,155,1974-04-03,4,16,2.29,0.53,0,0.04,NA,NA,NA,5,1.32,IJ,NP,NA,NA,NA,NA,NA,NA
LCAT,1570,N,M,LENT,N,471,1974-04-19,4,NA,CB,Duke Lemur Center,1,138,1973-12-02,12,1509,RIMA,LCAT,1972-01-14,1.88,555,ALCIBIADES,LCAT,1967-04-19,6.63,NA,NA,NA,7.02,7.02,5,NA,1226,1974-10-03,10,167,23.86,5.49,5,0.46,NA,NA,NA,NA,1.32,IJ,NP,NA,NA,NA,NA,NA,NA
LCAT,1585,N,M,PLATO,N,482,1974-06-28,6,NA,CB,Duke Lemur Center,1,138,1974-02-10,2,528,XANTIPPE,LCAT,1959-09-01,14.45,MULT2,NA,NA,NA,NA,NA,NA,NA,2.06,2.06,NA,NA,157,1974-07-12,7,14,2,0.46,0,0.04,NA,NA,NA,NA,1.32,IJ,NP,NA,NA,NA,NA,NA,NA
EMON,2381,N,F,DIDI,N,7,1966-05-19,5,U,WB,Unknown Location,NA,127,1966-01-12,1,WILD,NA,NA,NA,NA,WILD,NA,NA,NA,NA,NA,NA,NA,14.01,14.01,NA,U,1998,1978-11-01,11,4549,649.86,149.56,149,12.46,NA,NA,NA,NA,1.76,adult,NP,NA,NA,NA,NA,NA,NA
LCAT,2501,N,F,OCTAVE,N,493,1975-03-12,3,NA,CB,Duke Lemur Center,1,138,1974-10-25,10,585,CALPURNIA,LCAT,1971-03-15,3.62,584,CATO,LCAT,1971-03-15,3.62,NA,NA,NA,1.36,1.36,NA,NA,164,1975-04-01,4,20,2.86,0.66,0,0.05,NA,NA,NA,NA,1.32,IJ,NP,NA,NA,NA,NA,NA,NA
LCAT,2502,N,M,BALIN-B,N,495,1975-03-17,3,NA,CB,Duke Lemur Center,1,138,1974-10-30,10,546,BALIN,LCAT,1968-12-18,5.87,584,CATO,LCAT,1971-03-15,3.63,1975-03-18,0,NA,NA,0,NA,NA,56,1975-03-18,3,1,0.14,0.03,0,0,NA,NA,NA,0,1.32,IJ,NP,NA,NA,NA,NA,NA,NA
LCAT,2504,N,F,NICIAS,N,496,1975-03-23,3,NA,CB,Duke Lemur Center,1,138,1974-11-05,11,1510,KAMALA,LCAT,1972-01-15,2.81,555,ALCIBIADES,LCAT,1967-04-19,7.55,1991-02-12,15.9,NA,NA,15.9,1,NA,83,1975-03-25,3,2,0.29,0.07,0,0.01,NA,NA,NA,5803,1.32,IJ,NP,NA,NA,NA,NA,NA,NA
LCAT,2505,N,M,ERATO,N,497,1975-03-24,3,NA,CB,Duke Lemur Center,1,138,1974-11-06,11,1509,RIMA,LCAT,1972-01-14,2.81,555,ALCIBIADES,LCAT,1967-04-19,7.56,NA,NA,NA,13.01,13.01,1,NA,80,1975-03-25,3,1,0.14,0.03,0,0,NA,NA,NA,NA,1.32,IJ,NP,NA,NA,NA,NA,NA,NA
LCAT,2537,N,F,CRETIA,N,528,1976-03-15,3,NA,CB,Duke Lemur Center,1,138,1975-10-29,10,585,CALPURNIA,LCAT,1971-03-15,4.63,584,CATO,LCAT,1971-03-15,4.63,NA,NA,NA,2.36,2.36,NA,NA,64,1976-03-16,3,1,0.14,0.03,0,0,NA,NA,NA,NA,1.32,IJ,NP,NA,NA,NA,NA,NA,NA
LCAT,2542,N,F,ASPASIA,N,535,1976-03-29,3,NA,CB,Duke Lemur Center,2,138,1975-11-12,11,1510,KAMALA,LCAT,1972-01-15,3.83,MULT2,NA,NA,NA,NA,1990-01-30,13.85,NA,NA,13.85,NA,NA,180,1976-04-21,4,23,3.29,0.76,0,0.06,NA,NA,NA,5032,1.32,IJ,NP,NA,NA,NA,NA,NA,NA
LCAT,2543,N,F,LYSIS,N,536,1976-03-29,3,NA,CB,Duke Lemur Center,2,138,1975-11-12,11,1510,KAMALA,LCAT,1972-01-15,3.83,MULT2,NA,NA,NA,NA,NA,NA,NA,19.92,19.92,26,NA,175,1976-04-21,4,23,3.29,0.76,0,0.06,NA,NA,NA,NA,1.32,IJ,NP,NA,NA,NA,NA,NA,NA
LCAT,2544,N,M,PERIC,N,538,1976-04-02,4,NA,CB,Duke Lemur Center,1,138,1975-11-16,11,1509,RIMA,LCAT,1972-01-14,3.84,MULT2,NA,NA,NA,NA,1994-06-28,18.25,NA,NA,18.25,NA,NA,168,1976-04-21,4,19,2.71,0.62,0,0.05,NA,NA,NA,6642,1.32,IJ,NP,NA,NA,NA,NA,NA,NA
EMON,2567,N,F,AIMEE,N,31,1974-04-09,4,NA,CB,Rare Feline Breeding Compound,NA,127,1973-12-03,12,NA,NA,NA,NA,NA,NA,NA,NA,NA,NA,1997-09-28,23.49,NA,NA,23.49,2,NA,1647.5,1983-08-03,8,3403,486.14,111.88,111,9.32,NA,NA,NA,5170,1.76,adult,NP,NA,NA,NA,NA,NA,NA
EMON,2569,N,M,DUVAL,N,16,1970-07-23,7,Y,CB,Rare Feline Breeding Compound,NA,127,1970-03-18,3,NA,NA,NA,NA,NA,NA,NA,NA,NA,NA,NA,NA,NA,17.06,17.06,NA,Y,2097,1983-07-13,7,4738,676.86,155.77,155,12.98,NA,NA,NA,NA,1.76,adult,NP,NA,NA,NA,NA,NA,NA
LCAT,2583,N,F,SAPPHO,N,598,1977-03-11,3,NA,CB,Duke Lemur Center,1,138,1976-10-24,10,1510,KAMALA,LCAT,1972-01-15,4.78,555,ALCIBIADES,LCAT,1967-04-19,9.52,1990-06-18,13.28,NA,NA,13.28,12,NA,158,1977-03-25,3,14,2,0.46,0,0.04,NA,NA,NA,4833,1.32,IJ,NP,NA,NA,NA,NA,NA,NA
LCAT,3515,N,M,LEPIDUS,N,625,1977-04-22,4,NA,CB,Duke Lemur Center,2,138,1976-12-05,12,585,CALPURNIA,LCAT,1971-03-15,5.73,584,CATO,LCAT,1971-03-15,5.73,1989-12-17,12.66,NA,NA,12.66,NA,NA,1290,1977-10-25,10,186,26.57,6.12,6,0.51,NA,NA,NA,4436,1.32,IJ,NP,NA,NA,NA,NA,NA,NA
LCAT,3516,N,M,AUGUSTUS,N,626,1977-04-22,4,NA,CB,Duke Lemur Center,2,138,1976-12-05,12,585,CALPURNIA,LCAT,1971-03-15,5.73,584,CATO,LCAT,1971-03-15,5.73,1982-03-31,4.94,NA,NA,4.94,NA,NA,1280,1977-10-25,10,186,26.57,6.12,6,0.51,NA,NA,NA,1618,1.32,IJ,NP,NA,NA,NA,NA,NA,NA
LCAT,3520,N,F,CALLA,N,628,1977-04-25,4,NA,CB,Duke Lemur Center,1,138,1976-12-08,12,1509,RIMA,LCAT,1972-01-14,4.9,555,ALCIBIADES,LCAT,1967-04-19,9.65,NA,NA,NA,1.25,1.25,NA,NA,600,1977-07-15,7,81,11.57,2.66,2,0.22,NA,NA,NA,NA,1.32,IJ,NP,NA,NA,NA,NA,NA,NA
LCAT,3544,N,F,MYRTO,N,676,1978-03-27,3,NA,CB,Duke Lemur Center,2,138,1977-11-09,11,2543,LYSIS,LCAT,1976-03-29,1.62,582,ROMULUS,LCAT,1971-03-09,6.68,2004-05-24,26.18,NA,NA,26.18,NA,NA,158,1978-04-14,4,18,2.57,0.59,0,0.05,NA,NA,NA,9537,1.32,IJ,NP,NA,NA,NA,NA,NA,NA
LCAT,3545,N,F,TYRO,N,677,1978-03-27,3,NA,CB,Duke Lemur Center,2,138,1977-11-09,11,2543,LYSIS,LCAT,1976-03-29,1.62,582,ROMULUS,LCAT,1971-03-09,6.68,NA,NA,NA,2.46,2.46,NA,NA,160,1978-04-14,4,18,2.57,0.59,0,0.05,NA,NA,NA,NA,1.32,IJ,NP,NA,NA,NA,NA,NA,NA
LCAT,3547,N,M,CRITO,N,679,1978-03-27,3,NA,CB,Duke Lemur Center,2,138,1977-11-09,11,1510,KAMALA,LCAT,1972-01-15,5.82,582,ROMULUS,LCAT,1971-03-09,6.68,NA,NA,NA,8.99,8.99,NA,NA,79,1978-03-29,3,2,0.29,0.07,0,0.01,NA,NA,NA,NA,1.32,IJ,NP,NA,NA,NA,NA,NA,NA
LCAT,3592,N,F,ZENOBIA,N,706,1978-05-18,5,NA,CB,Duke Lemur Center,1,138,1977-12-31,12,585,CALPURNIA,LCAT,1971-03-15,6.8,1570,LENT,LCAT,1974-04-19,3.7,1992-10-18,14.43,NA,NA,14.43,3,NA,180,1978-06-08,6,21,3,0.69,0,0.06,NA,NA,NA,5246,1.32,IJ,NP,NA,NA,NA,NA,NA,NA
LCAT,3593,N,F,RIMA-A,N,709,1978-05-30,5,NA,CB,Duke Lemur Center,1,138,1978-01-12,1,1509,RIMA,LCAT,1972-01-14,6,2505,ERATO,LCAT,1975-03-24,2.81,1978-06-05,0.02,NA,NA,0.02,NA,NA,50,1978-06-03,6,4,0.57,0.13,0,0.01,NA,NA,NA,2,1.32,IJ,NP,NA,NA,NA,NA,NA,NA
EMON,4504,N,M,PIERROT,N,43,1976-05-15,5,NA,CB,Rare Feline Breeding Compound,NA,127,1976-01-09,1,NA,NA,NA,NA,NA,NA,NA,NA,NA,NA,2007-02-14,30.77,NA,NA,30.77,13,NA,1371,1983-07-13,7,2615,373.57,85.97,85,7.16,NA,NA,NA,8617,1.76,adult,NP,NA,NA,NA,NA,NA,NA
LCAT,4517,N,M,ION,N,460,1974-03-24,3,NA,CB,"Houston Zoo, Inc.",NA,138,1973-11-06,11,NA,NA,NA,NA,NA,NA,NA,NA,NA,NA,NA,NA,NA,12.52,12.52,3,NA,2805,1983-07-08,7,3393,484.71,111.55,111,9.3,NA,NA,NA,NA,1.32,adult,NP,NA,NA,NA,NA,NA,NA
LCAT,4535,N,M,XENOPHON,N,742,1979-03-13,3,NA,CB,Duke Lemur Center,1,138,1978-10-26,10,1510,KAMALA,LCAT,1972-01-15,6.78,555,ALCIBIADES,LCAT,1967-04-19,11.53,1997-11-01,18.65,NA,NA,18.65,NA,NA,454,1979-05-15,5,63,9,2.07,2,0.17,NA,NA,NA,6745,1.32,IJ,NP,NA,NA,NA,NA,NA,NA
LCAT,5505,N,M,DIOGENES,N,814,1980-02-26,2,NA,CB,Duke Lemur Center,1,138,1979-10-11,10,585,CALPURNIA,LCAT,1971-03-15,8.58,1570,LENT,LCAT,1974-04-19,5.48,NA,NA,NA,1.16,1.16,NA,NA,155,1980-03-13,3,16,2.29,0.53,0,0.04,NA,NA,NA,NA,1.32,IJ,NP,NA,NA,NA,NA,NA,NA
LCAT,5510,N,F,ANEMONE,N,822,1980-03-14,3,NA,CB,Duke Lemur Center,1,138,1979-10-28,10,UNK,NA,NA,NA,NA,582,ROMULUS,LCAT,1971-03-09,8.64,1992-05-26,12.21,NA,NA,12.21,11,NA,2803,1983-12-13,12,1369,195.57,45.01,45,3.75,NA,NA,NA,3087,1.32,adult,P,138,1983-11-04,1984-03-21,99,0.717391304,1
LCAT,5511,N,M,THALES,N,829,1980-03-17,3,NA,CB,Duke Lemur Center,1,138,1979-10-31,10,UNK,NA,NA,NA,NA,582,ROMULUS,LCAT,1971-03-09,8.65,NA,NA,NA,14.91,14.91,2,NA,2830,1983-12-13,12,1366,195.14,44.91,44,3.74,NA,NA,NA,NA,1.32,adult,NP,NA,NA,NA,NA,NA,NA
LCAT,5556,N,F,OLYMPIAS,N,883,1980-06-27,6,NA,CB,Duke Lemur Center,1,138,1980-02-10,2,1510,KAMALA,LCAT,1972-01-15,8.08,555,ALCIBIADES,LCAT,1967-04-19,12.82,NA,NA,NA,6.84,6.84,4,NA,2247.5,1987-04-13,4,2481,354.43,81.57,81,6.8,NA,NA,NA,NA,1.32,adult,NP,NA,NA,NA,NA,NA,NA
LCAT,5578,N,F,GALATEA,N,924,1981-03-20,3,NA,CB,Duke Lemur Center,2,138,1980-11-02,11,2583,SAPPHO,LCAT,1977-03-11,3.65,582,ROMULUS,LCAT,1971-03-09,9.66,1984-11-02,3.62,NA,NA,3.62,1,NA,2574,1983-07-18,7,850,121.43,27.95,27,2.33,NA,NA,NA,473,1.32,young_adult,NP,NA,NA,NA,NA,NA,NA
LCAT,5585,N,F,THERA,N,940,1981-03-27,3,NA,CB,Duke Lemur Center,1,138,1980-11-09,11,2543,LYSIS,LCAT,1976-03-29,4.62,582,ROMULUS,LCAT,1971-03-09,9.68,NA,NA,NA,9.44,9.44,9,NA,107,1981-04-07,4,11,1.57,0.36,0,0.03,NA,NA,NA,NA,1.32,IJ,NP,NA,NA,NA,NA,NA,NA
LCAT,5613,N,M,YODA,N,964,1981-04-21,4,NA,CB,Duke Lemur Center,1,138,1980-12-04,12,4540,CLYTIE,LCAT,1973-09-19,7.21,4517,ION,LCAT,1974-03-24,6.7,NA,NA,NA,6.03,6.03,4,NA,3263.5,1985-11-15,11,1669,238.43,54.87,54,4.57,NA,NA,NA,NA,1.32,adult,NP,NA,NA,NA,NA,NA,NA
LCAT,5615,N,M,PEGASUS,N,627,1977-04-23,4,Y,CB,Catoctin Wildlife Preserve and Zoo,NA,138,1976-12-06,12,oi_UNK,NA,NA,NA,NA,oi_UNK,NA,NA,NA,NA,2003-11-01,26.54,NA,NA,26.54,6,Y,2092,1981-07-10,7,1539,219.86,50.6,50,4.22,NA,NA,NA,8149,1.32,adult,NP,NA,NA,NA,NA,NA,NA
LCAT,5643,N,M,PHEIDIPPEDES,N,239,1968-03-30,3,NA,CB,Philadelphia Zoo,NA,138,1967-11-13,11,NA,NA,NA,NA,NA,NA,NA,NA,NA,NA,1983-12-04,15.69,NA,NA,15.69,2,NA,2556,1982-05-20,5,5164,737.71,169.78,169,14.15,NA,NA,NA,563,1.32,adult,NP,NA,NA,NA,NA,NA,NA
EMON,5644,N,M,LUIS,N,14,1969-01-27,1,Y,Unk,Unknown Location,NA,127,1968-09-22,9,NA,NA,NA,NA,NA,NA,NA,NA,NA,NA,NA,NA,NA,18.55,18.55,NA,Y,1616,1983-06-15,6,5252,750.29,172.67,172,14.39,NA,NA,NA,NA,1.76,adult,NP,NA,NA,NA,NA,NA,NA
EMON,5645,N,F,LUPE,N,15,1969-01-27,1,Y,Unk,Unknown Location,NA,127,1968-09-22,9,NA,NA,NA,NA,NA,NA,NA,NA,NA,NA,1984-08-06,15.53,NA,NA,15.53,NA,Y,1357,1983-07-13,7,5280,754.29,173.59,173,14.47,NA,NA,NA,390,1.76,adult,NP,NA,NA,NA,NA,NA,NA
LCAT,5655,N,M,HIPPOCRATES,N,1022,1982-03-16,3,NA,CB,Duke Lemur Center,2,138,1981-10-29,10,1510,KAMALA,LCAT,1972-01-15,9.79,4515,SOPHOCLES,LCAT,1974-11-19,6.95,1988-11-15,6.67,NA,NA,6.67,NA,NA,2239,1985-06-26,6,1198,171.14,39.39,39,3.28,NA,NA,NA,1238,1.32,adult,NP,NA,NA,NA,NA,NA,NA
LCAT,5656,N,F,HERO,N,1023,1982-03-16,3,NA,CB,Duke Lemur Center,2,138,1981-10-29,10,1510,KAMALA,LCAT,1972-01-15,9.79,4515,SOPHOCLES,LCAT,1974-11-19,6.95,1988-08-08,6.4,NA,NA,6.4,1,NA,2869,1984-06-01,6,808,115.43,26.56,26,2.21,NA,NA,NA,1529,1.32,young_adult,NP,NA,NA,NA,NA,NA,NA
LCAT,5667,N,M,PHILEMON,N,1050,1982-04-02,4,NA,CB,Duke Lemur Center,2,138,1981-11-15,11,2543,LYSIS,LCAT,1976-03-29,5.64,MULT2,NA,NA,NA,NA,2006-06-28,24.25,NA,NA,24.25,2,NA,245,1982-05-20,5,48,6.86,1.58,1,0.13,NA,NA,NA,8805,1.32,IJ,NP,NA,NA,NA,NA,NA,NA
LCAT,5668,N,F,BAUCIS,N,1051,1982-04-02,4,NA,CB,Duke Lemur Center,2,138,1981-11-15,11,2543,LYSIS,LCAT,1976-03-29,5.64,MULT2,NA,NA,NA,NA,NA,NA,NA,8.27,8.27,7,NA,297.5,1982-05-20,5,48,6.86,1.58,1,0.13,NA,NA,NA,NA,1.32,IJ,NP,NA,NA,NA,NA,NA,NA
LCAT,5669,N,F,ARACHNE,N,1055,1982-04-04,4,NA,CB,Duke Lemur Center,2,138,1981-11-17,11,2583,SAPPHO,LCAT,1977-03-11,4.69,MULT2,NA,NA,NA,NA,1995-10-10,13.53,NA,NA,13.53,1,NA,328.5,1982-05-20,5,46,6.57,1.51,1,0.13,NA,NA,NA,4891,1.32,IJ,NP,NA,NA,NA,NA,NA,NA
EMON,5714,N,M,FERDINAND,N,52,1978-10-01,10,Y,WB,Comoros /,NA,127,1978-05-27,5,WILD,NA,NA,NA,NA,WILD,NA,NA,NA,NA,2002-02-05,23.36,NA,NA,23.36,4,Y,1220.5,1982-12-30,12,1551,221.57,50.99,50,4.25,NA,NA,NA,6977,1.76,adult,NP,NA,NA,NA,NA,NA,NA
EMON,5715,N,F,ISABELLA,N,53,1978-10-01,10,Y,WB,Comoros /,NA,127,1978-05-27,5,WILD,NA,NA,NA,NA,WILD,NA,NA,NA,NA,2002-08-05,23.86,NA,NA,23.86,4,Y,1544,1982-12-30,12,1551,221.57,50.99,50,4.25,NA,NA,NA,7158,1.76,adult,NP,NA,NA,NA,NA,NA,NA
EMON,5716,N,M,PABLO,N,48,1977-10-01,10,Y,WB,Comoros /,NA,127,1977-05-27,5,WILD,NA,NA,NA,NA,WILD,NA,NA,NA,NA,2004-11-11,27.13,NA,NA,27.13,8,Y,1489,1982-12-30,12,1916,273.71,62.99,62,5.25,NA,NA,NA,7987,1.76,adult,NP,NA,NA,NA,NA,NA,NA
EMON,5717,N,F,ESPERANZA,N,49,1977-10-01,10,Y,WB,Comoros /,NA,127,1977-05-27,5,WILD,NA,NA,NA,NA,WILD,NA,NA,NA,NA,2004-01-30,26.35,NA,NA,26.35,5,Y,1684.5,1982-12-30,12,1916,273.71,62.99,62,5.25,NA,NA,NA,7701,1.76,adult,NP,NA,NA,NA,NA,NA,NA
EMON,5718,N,M,MANUEL,N,50,1977-10-01,10,Y,WB,Comoros /,NA,127,1977-05-27,5,WILD,NA,NA,NA,NA,WILD,NA,NA,NA,NA,2008-07-22,30.83,NA,NA,30.83,7,Y,1348.5,1982-12-30,12,1916,273.71,62.99,62,5.25,NA,NA,NA,9336,1.76,adult,NP,NA,NA,NA,NA,NA,NA
EMON,5719,N,F,CARMEN,N,54,1978-10-01,10,Y,WB,Comoros /,NA,127,1978-05-27,5,WILD,NA,NA,NA,NA,WILD,NA,NA,NA,NA,2004-05-21,25.65,NA,NA,25.65,7,Y,1575.5,1982-12-30,12,1551,221.57,50.99,50,4.25,NA,NA,NA,7813,1.76,adult,NP,NA,NA,NA,NA,NA,NA
EMON,5720,N,M,JUAN,N,55,1978-10-01,10,Y,WB,Comoros /,NA,127,1978-05-27,5,WILD,NA,NA,NA,NA,WILD,NA,NA,NA,NA,2014-12-31,36.27,NA,NA,36.27,5,Y,1575.3,1982-12-30,12,1551,221.57,50.99,50,4.25,NA,NA,NA,11689,1.76,adult,NP,NA,NA,NA,NA,NA,NA
EMON,5721,N,F,EVITA,N,60,1981-10-01,10,M,WB,Comoros /,NA,127,1981-05-27,5,WILD,NA,NA,NA,NA,WILD,NA,NA,NA,NA,1996-08-22,14.9,NA,NA,14.9,5,M,1275.5,1983-07-27,7,664,94.86,21.83,21,1.82,0,42,0,4775,1.76,young_adult,NP,NA,NA,NA,NA,NA,NA
EMON,5722,N,M,Sancho,N,64,1982-10-01,10,D,WB,Comoros /,NA,127,1982-05-27,5,5717,ESPERANZA,EMON,1977-10-01,4.65,5716,PABLO,EMON,1977-10-01,4.65,2012-12-14,30.22,NA,NA,30.22,9,D,1520,1984-08-10,8,679,97,22.32,22,1.86,86,46,1.87,10353,1.76,young_adult,NP,NA,NA,NA,NA,NA,NA
EMON,5723,N,M,PEPE,N,65,1982-10-01,10,D,WB,Comoros /,NA,127,1982-05-27,5,5719,CARMEN,EMON,1978-10-01,3.65,5718,MANUEL,EMON,1977-10-01,4.65,1993-01-02,10.26,NA,NA,10.26,5,D,1420,1984-10-09,10,739,105.57,24.3,24,2.02,199,273,0.73,3007,1.76,young_adult,NP,NA,NA,NA,NA,NA,NA
EMON,5724,N,F,ELENA,N,66,1982-10-01,10,D,WB,Comoros /,NA,127,1982-05-27,5,5715,ISABELLA,EMON,1978-10-01,3.65,5714,FERDINAND,EMON,1978-10-01,3.65,1995-02-22,12.4,NA,NA,12.4,9,D,1066,1984-08-10,8,679,97,22.32,22,1.86,-232,46,-5.04,3848,1.76,young_adult,NP,NA,NA,NA,NA,NA,NA
LCAT,5732,N,M,KYROS,N,1130,1983-03-11,3,NA,CB,Duke Lemur Center,2,138,1982-10-24,10,2543,LYSIS,LCAT,1976-03-29,6.58,582,ROMULUS,LCAT,1971-03-09,11.64,NA,NA,NA,3.55,3.55,NA,NA,80.8,1983-03-14,3,3,0.43,0.1,0,0.01,NA,NA,NA,NA,1.32,IJ,NP,NA,NA,NA,NA,NA,NA
LCAT,5733,N,M,IROS,N,1131,1983-03-11,3,NA,CB,Duke Lemur Center,2,138,1982-10-24,10,2543,LYSIS,LCAT,1976-03-29,6.58,582,ROMULUS,LCAT,1971-03-09,11.64,2003-05-17,20.2,NA,NA,20.2,NA,NA,82.8,1983-03-14,3,3,0.43,0.1,0,0.01,NA,NA,NA,7369,1.32,IJ,NP,NA,NA,NA,NA,NA,NA
LCAT,5737,N,F,CYNISCA,N,1139,1983-03-17,3,NA,CB,Duke Lemur Center,1,138,1982-10-30,10,5510,ANEMONE,LCAT,1980-03-14,2.63,MULT2,NA,NA,NA,NA,1983-04-14,0.08,NA,NA,0.08,NA,NA,94,1983-03-23,3,6,0.86,0.2,0,0.02,NA,NA,NA,22,1.32,IJ,NP,NA,NA,NA,NA,NA,NA
LCAT,5738,N,M,SOSTHENES,N,1140,1983-03-18,3,NA,CB,Duke Lemur Center,1,138,1982-10-31,10,5585,THERA,LCAT,1981-03-27,1.6,MULT2,NA,NA,NA,NA,1986-05-14,3.16,NA,NA,3.16,NA,NA,1126,1983-08-05,8,140,20,4.6,4,0.38,NA,NA,NA,1013,1.32,IJ,NP,NA,NA,NA,NA,NA,NA
LCAT,5750,N,M,ANTIPHON,N,1156,1983-03-29,3,NA,CB,Duke Lemur Center,1,138,1982-11-11,11,4534,LETHE,LCAT,1979-03-13,3.67,5615,PEGASUS,LCAT,1977-04-23,5.56,2000-07-06,17.28,NA,NA,17.28,NA,NA,2873.5,1985-11-15,11,962,137.43,31.63,31,2.64,NA,NA,NA,5347,1.32,adult,NP,NA,NA,NA,NA,NA,NA
LCAT,5811,N,M,CERCOLAS,N,1195,1983-06-03,6,NA,CB,Duke Lemur Center,3,138,1983-01-16,1,2583,SAPPHO,LCAT,1977-03-11,5.85,582,ROMULUS,LCAT,1971-03-09,11.87,2001-06-06,18.02,NA,NA,18.02,NA,NA,1211,1983-12-13,12,193,27.57,6.35,6,0.53,NA,NA,NA,6385,1.32,IJ,NP,NA,NA,NA,NA,NA,NA
LCAT,5812,N,F,MEGARA,N,1196,1983-06-03,6,NA,CB,Duke Lemur Center,3,138,1983-01-16,1,2583,SAPPHO,LCAT,1977-03-11,5.85,582,ROMULUS,LCAT,1971-03-09,11.87,NA,NA,NA,3.32,3.32,1,NA,1310,1983-12-13,12,193,27.57,6.35,6,0.53,NA,NA,NA,NA,1.32,IJ,NP,NA,NA,NA,NA,NA,NA
LCAT,5813,N,F,ATTIS,N,1197,1983-06-03,6,NA,CB,Duke Lemur Center,3,138,1983-01-16,1,2583,SAPPHO,LCAT,1977-03-11,5.85,582,ROMULUS,LCAT,1971-03-09,11.87,NA,NA,NA,2.64,2.64,NA,NA,881,1983-10-10,10,129,18.43,4.24,4,0.35,NA,NA,NA,NA,1.32,IJ,NP,NA,NA,NA,NA,NA,NA
LCAT,5819,N,F,ATOSSA,N,987,1981-06-01,6,NA,CB,Louisiana Purchase Gardens & Zoo,NA,138,1981-01-14,1,NA,NA,NA,NA,NA,NA,NA,NA,NA,NA,NA,NA,NA,9.29,9.29,6,NA,3450,1984-11-08,11,1256,179.43,41.29,41,3.44,NA,NA,NA,NA,1.32,adult,NP,NA,NA,NA,NA,NA,NA
LCAT,582,N,M,ROMULUS,N,328,1971-03-09,3,NA,CB,Duke Lemur Center,2,138,1970-10-22,10,530,MERRIDEL,LCAT,1964-07-18,6.27,MULT2,NA,NA,NA,NA,1991-03-14,20.03,NA,NA,20.03,21,NA,3406,1983-12-13,12,4662,666,153.27,153,12.77,NA,NA,NA,2648,1.32,adult,NP,NA,NA,NA,NA,NA,NA
EMON,5826,N,M,LUZ,N,67,1983-11-17,11,NA,CB,Duke Lemur Center,1,127,1983-07-13,7,5715,ISABELLA,EMON,1978-10-01,4.78,5714,FERDINAND,EMON,1978-10-01,4.78,2017-07-14,33.68,NA,NA,33.68,NA,NA,258,1984-01-10,1,54,7.71,1.78,1,0.15,NA,NA,NA,12239,1.76,IJ,NP,NA,NA,NA,NA,NA,NA
LCAT,5847,N,F,CORINNA,N,1251,1984-03-16,3,NA,CB,Duke Lemur Center,2,138,1983-10-30,10,2543,LYSIS,LCAT,1976-03-29,7.59,5643,PHEIDIPPEDES,LCAT,1968-03-30,15.59,2010-05-05,26.15,NA,NA,26.15,13,NA,2197,1987-04-21,4,1131,161.57,37.18,37,3.1,NA,NA,NA,8415,1.32,adult,NP,NA,NA,NA,NA,NA,NA
LCAT,585,N,F,CALPURNIA,N,331,1971-03-15,3,NA,CB,Duke Lemur Center,1,138,1970-10-28,10,546,BALIN,LCAT,1968-12-18,1.86,527,SOCRATES,LCAT,1958-09-01,12.16,NA,NA,NA,10.12,10.12,11,NA,3150,1980-11-17,11,3535,505,116.22,116,9.68,NA,NA,NA,NA,1.32,adult,P,138,1980-10-19,1981-03-06,109,0.789855072,2
LCAT,5853,N,F,SAPPHO-C,N,1263,1984-03-22,3,NA,CB,Duke Lemur Center,2,138,1983-11-05,11,2583,SAPPHO,LCAT,1977-03-11,6.66,MULT2,NA,NA,NA,NA,1984-03-29,0.02,NA,NA,0.02,NA,NA,79,1984-03-29,3,7,1,0.23,0,0.02,NA,NA,NA,0,1.32,IJ,NP,NA,NA,NA,NA,NA,NA
EMON,5879,N,F,CHIQUITA,N,69,1984-04-12,4,NA,CB,Duke Lemur Center,1,127,1983-12-07,12,5721,EVITA,EMON,1981-10-01,2.18,5720,JUAN,EMON,1978-10-01,5.19,1995-12-24,11.71,NA,NA,11.71,6,NA,171.5,1984-05-18,5,36,5.14,1.18,1,0.1,NA,NA,NA,4237,1.76,IJ,NP,NA,NA,NA,NA,NA,NA
LCAT,5885,N,M,TIMON,N,739,1979-03-12,3,NA,CB,Fort Worth Zoological Park,NA,138,1978-10-25,10,oi_45,NA,NA,NA,NA,oi_44,NA,NA,NA,NA,1985-07-24,6.37,NA,NA,6.37,2,NA,2697,1984-10-11,10,2040,291.43,67.07,67,5.59,NA,NA,NA,286,1.32,adult,NP,NA,NA,NA,NA,NA,NA
LCAT,5912,N,M,LEONIDAS,N,1308,1984-05-01,5,NA,CB,Duke Lemur Center,1,138,1983-12-15,12,5578,GALATEA,LCAT,1981-03-20,2.74,5511,THALES,LCAT,1980-03-17,3.75,NA,NA,NA,11.83,11.83,NA,NA,2751,1990-07-09,7,2260,322.86,74.3,74,6.19,NA,NA,NA,NA,1.32,adult,NP,NA,NA,NA,NA,NA,NA
LCAT,5914,N,M,LYCIPPUS,N,1311,1984-05-04,5,NA,CB,Duke Lemur Center,2,138,1983-12-18,12,1510,KAMALA,LCAT,1972-01-15,11.93,4515,SOPHOCLES,LCAT,1974-11-19,9.08,1989-12-13,5.61,NA,NA,5.61,NA,NA,2070,1985-10-09,10,523,74.71,17.19,17,1.43,NA,NA,NA,1526,1.32,young_adult,NP,NA,NA,NA,NA,NA,NA
LCAT,5928,N,F,ALKESTIS,N,1316,1984-05-09,5,NA,CB,Duke Lemur Center,1,138,1983-12-23,12,5556,OLYMPIAS,LCAT,1980-06-27,3.49,5613,YODA,LCAT,1981-04-21,2.67,1988-07-01,4.15,NA,NA,4.15,NA,NA,2413,1986-08-09,8,822,117.43,27.02,27,2.25,NA,NA,NA,692,1.32,young_adult,NP,NA,NA,NA,NA,NA,NA
LCAT,5938,N,M,DION,N,1322,1984-05-30,5,NA,CB,Duke Lemur Center,2,138,1984-01-13,1,5819,ATOSSA,LCAT,1981-06-01,2.62,4517,ION,LCAT,1974-03-24,9.81,1996-09-05,12.28,NA,NA,12.28,3,NA,1221,1984-11-08,11,162,23.14,5.33,5,0.44,NA,NA,NA,4319,1.32,IJ,NP,NA,NA,NA,NA,NA,NA
LCAT,5939,N,M,HIERON,N,1323,1984-05-30,5,NA,CB,Duke Lemur Center,2,138,1984-01-13,1,5819,ATOSSA,LCAT,1981-06-01,2.62,4517,ION,LCAT,1974-03-24,9.81,1998-07-15,14.13,NA,NA,14.13,4,NA,1122,1984-11-08,11,162,23.14,5.33,5,0.44,NA,NA,NA,4997,1.32,IJ,NP,NA,NA,NA,NA,NA,NA
EMON,5952,N,F,CONCEPCION,N,70,1984-10-15,10,NA,CB,Duke Lemur Center,1,127,1984-06-10,6,5715,ISABELLA,EMON,1978-10-01,5.7,5714,FERDINAND,EMON,1978-10-01,5.7,2011-06-18,26.69,NA,NA,26.69,10,NA,871,1985-02-18,2,126,18,4.14,4,0.35,NA,NA,NA,9616,1.76,IJ,NP,NA,NA,NA,NA,NA,NA
EMON,5955,N,M,FIDEL,N,71,1985-01-13,1,NA,CB,Duke Lemur Center,1,127,1984-09-08,9,5717,ESPERANZA,EMON,1977-10-01,6.94,5716,PABLO,EMON,1977-10-01,6.94,2006-06-21,21.45,NA,NA,21.45,7,NA,200,1985-02-06,2,24,3.43,0.79,0,0.07,NA,NA,NA,7805,1.76,IJ,NP,NA,NA,NA,NA,NA,NA
LCAT,5962,N,M,MICON,N,1361,1985-03-07,3,NA,CB,Duke Lemur Center,1,138,1984-10-20,10,2543,LYSIS,LCAT,1976-03-29,8.57,5511,THALES,LCAT,1980-03-17,4.6,2009-11-14,24.71,NA,NA,24.71,NA,NA,2243,1987-01-08,1,672,96,22.09,22,1.84,NA,NA,NA,8346,1.32,young_adult,NP,NA,NA,NA,NA,NA,NA
LCAT,5969,N,M,SELAUCIUS,N,1375,1985-03-20,3,NA,CB,Duke Lemur Center,1,138,1984-11-02,11,5556,OLYMPIAS,LCAT,1980-06-27,4.35,5613,YODA,LCAT,1981-04-21,3.54,2017-10-21,32.61,NA,NA,32.61,3,NA,3073.5,1987-10-13,10,937,133.86,30.81,30,2.57,NA,NA,NA,10966,1.32,young_adult,NP,NA,NA,NA,NA,NA,NA
LCAT,5977,N,M,LYCUS,N,1411,1985-03-30,3,NA,CB,Duke Lemur Center,2,138,1984-11-12,11,2583,SAPPHO,LCAT,1977-03-11,7.68,5885,TIMON,LCAT,1979-03-12,5.68,2013-08-21,28.41,NA,NA,28.41,NA,NA,1738,1986-02-05,2,312,44.57,10.26,10,0.85,NA,NA,NA,10059,1.32,IJ,NP,NA,NA,NA,NA,NA,NA
LCAT,5978,N,M,PHARAX,N,1412,1985-03-30,3,NA,CB,Duke Lemur Center,2,138,1984-11-12,11,2583,SAPPHO,LCAT,1977-03-11,7.68,5885,TIMON,LCAT,1979-03-12,5.68,NA,NA,NA,4.96,4.96,NA,NA,1729,1986-02-05,2,312,44.57,10.26,10,0.85,NA,NA,NA,NA,1.32,IJ,NP,NA,NA,NA,NA,NA,NA
LCAT,5984,N,F,CLEIS,N,1418,1985-04-09,4,NA,CB,Duke Lemur Center,2,138,1984-11-22,11,4534,LETHE,LCAT,1979-03-13,5.7,5615,PEGASUS,LCAT,1977-04-23,7.59,2010-09-23,25.47,NA,NA,25.47,18,NA,2624,1987-08-28,8,871,124.43,28.64,28,2.39,NA,NA,NA,8427,1.32,young_adult,NP,NA,NA,NA,NA,NA,NA
EMON,6030,N,M,GUSTAVO,N,72,1985-06-21,6,NA,CB,Duke Lemur Center,1,127,1985-02-14,2,5724,ELENA,EMON,1982-10-01,2.38,5722,Sancho,EMON,1982-10-01,2.38,2003-11-22,18.43,NA,NA,18.43,2,NA,559,1985-09-27,9,98,14,3.22,3,0.27,NA,NA,NA,6630,1.76,IJ,NP,NA,NA,NA,NA,NA,NA
EMON,6033,N,M,SIXTO,N,73,1985-11-05,11,NA,CB,Duke Lemur Center,1,127,1985-07-01,7,5719,CARMEN,EMON,1978-10-01,6.75,5718,MANUEL,EMON,1977-10-01,7.75,2012-06-29,26.67,NA,NA,26.67,1,NA,77.5,1985-11-06,11,1,0.14,0.03,0,0,NA,NA,NA,9732,1.76,IJ,NP,NA,NA,NA,NA,NA,NA
ERUB,6038,N,F,Dido II,N,14,1984-10-01,10,Y,WB,Madagascar /,NA,120,1984-06-03,6,WILD,NA,NA,NA,NA,WILD,NA,NA,NA,NA,2018-07-25,33.84,NA,NA,33.84,11,Y,1897,1986-12-03,12,793,113.29,26.07,26,2.17,131,254,0.52,11557,1.78,young_adult,NP,NA,NA,NA,NA,NA,NA
LCAT,6057,N,M,CALLIAS,N,1515,1986-03-21,3,NA,CB,Duke Lemur Center,2,138,1985-11-03,11,5585,THERA,LCAT,1981-03-27,4.61,582,ROMULUS,LCAT,1971-03-09,14.67,2003-11-20,17.68,NA,NA,17.68,NA,NA,1843,1987-02-23,2,339,48.43,11.15,11,0.93,NA,NA,NA,6114,1.32,IJ,NP,NA,NA,NA,NA,NA,NA
EMON,6076,N,M,RAFAEL,N,74,1986-04-04,4,NA,CB,Duke Lemur Center,1,127,1985-11-28,11,5721,EVITA,EMON,1981-10-01,4.16,5720,JUAN,EMON,1978-10-01,7.16,NA,NA,NA,25.42,25.42,1,NA,1376,1987-05-07,5,398,56.86,13.08,13,1.09,NA,NA,NA,NA,1.76,IJ,NP,NA,NA,NA,NA,NA,NA
EMON,6077,N,F,PIEDAD,N,75,1986-04-04,4,NA,CB,Duke Lemur Center,1,127,1985-11-28,11,5724,ELENA,EMON,1982-10-01,3.16,5722,Sancho,EMON,1982-10-01,3.16,2018-05-21,32.15,NA,NA,32.15,5,NA,1584,1987-11-17,11,592,84.57,19.46,19,1.62,NA,NA,NA,11143,1.76,IJ,NP,NA,NA,NA,NA,NA,NA
EMON,6102,N,F,Flor,N,77,1986-05-20,5,NA,CB,Duke Lemur Center,1,127,1986-01-13,1,5717,ESPERANZA,EMON,1977-10-01,8.29,5716,PABLO,EMON,1977-10-01,8.29,2015-12-14,29.59,NA,NA,29.59,2,NA,1443,1988-03-24,3,674,96.29,22.16,22,1.85,NA,NA,NA,10126,1.76,young_adult,NP,NA,NA,NA,NA,NA,NA
ERUB,6120,N,M,APACHE,N,4,1980-10-01,10,Y,WB,Madagascar /,NA,120,1980-06-03,6,WILD,NA,NA,NA,NA,WILD,NA,NA,NA,NA,1991-03-19,10.47,NA,NA,10.47,NA,Y,1716,1986-09-02,9,2162,308.86,71.08,71,5.92,NA,NA,NA,1659,1.78,adult,NP,NA,NA,NA,NA,NA,NA
ERUB,6121,N,M,Mohawk,N,5,1982-10-01,10,Y,WB,Madagascar /,NA,120,1982-06-03,6,WILD,NA,NA,NA,NA,WILD,NA,NA,NA,NA,2015-07-31,32.85,NA,NA,32.85,11,Y,1680,1986-09-02,9,1432,204.57,47.08,47,3.92,NA,NA,NA,10559,1.78,adult,NP,NA,NA,NA,NA,NA,NA
ERUB,6122,N,F,SEMINOLE,N,6,1982-10-01,10,Y,WB,Madagascar /,NA,120,1982-06-03,6,WILD,NA,NA,NA,NA,WILD,NA,NA,NA,NA,2006-02-15,23.39,NA,NA,23.39,7,Y,1852,1986-09-02,9,1432,204.57,47.08,47,3.92,NA,NA,NA,7106,1.78,adult,NP,NA,NA,NA,NA,NA,NA
LCAT,6124,N,F,NYSA,N,576,1976-07-14,7,NA,CB,Oregon Regional Primate Research Cntr,NA,138,1976-02-27,2,oi_02715,NA,NA,NA,NA,oi_00674,NA,NA,NA,NA,NA,NA,NA,14.14,14.14,10,NA,2702,1986-10-28,10,3758,536.86,123.55,123,10.3,NA,NA,NA,NA,1.32,adult,NP,NA,NA,NA,NA,NA,NA
LCAT,6125,N,M,CIMON,N,581,1976-08-05,8,NA,CB,Oregon Regional Primate Research Cntr,NA,138,1976-03-20,3,oi_05468,NA,NA,NA,NA,oi_02710,NA,NA,NA,NA,1987-02-06,10.51,NA,NA,10.51,NA,NA,2711,1986-10-28,10,3736,533.71,122.83,122,10.24,NA,NA,NA,101,1.32,adult,NP,NA,NA,NA,NA,NA,NA
LCAT,6126,N,M,HIPPIAS,N,711,1978-06-15,6,NA,CB,Oregon Regional Primate Research Cntr,NA,138,1978-01-28,1,oi_953,NA,NA,NA,NA,NA,NA,NA,NA,NA,1999-03-26,20.79,NA,NA,20.79,2,NA,2856,1986-10-28,10,3057,436.71,100.5,100,8.38,NA,NA,NA,4532,1.32,adult,NP,NA,NA,NA,NA,NA,NA
LCAT,6127,N,M,MEGACLES,N,1534,1986-03-25,3,NA,CB,Detroit Zoological Society,NA,138,1985-11-07,11,6124,NYSA,LCAT,1976-07-14,9.32,NA,NA,NA,NA,NA,1991-04-16,5.06,NA,NA,5.06,NA,NA,1376,1986-10-28,10,217,31,7.13,7,0.59,NA,NA,NA,1631,1.32,IJ,NP,NA,NA,NA,NA,NA,NA
LCAT,6128,N,F,APAMA,N,1533,1986-03-25,3,NA,CB,Detroit Zoological Society,NA,138,1985-11-07,11,6124,NYSA,LCAT,1976-07-14,9.32,NA,NA,NA,NA,NA,NA,NA,NA,3.76,3.76,NA,NA,1276,1986-10-28,10,217,31,7.13,7,0.59,NA,NA,NA,NA,1.32,IJ,NP,NA,NA,NA,NA,NA,NA
EMON,6131,N,M,JAVIER,N,78,1986-11-06,11,NA,CB,Duke Lemur Center,1,127,1986-07-02,7,5719,CARMEN,EMON,1978-10-01,7.76,5718,MANUEL,EMON,1977-10-01,8.76,1991-11-21,5.04,NA,NA,5.04,2,NA,649.5,1987-05-11,5,186,26.57,6.12,6,0.51,NA,NA,NA,1655,1.76,IJ,NP,NA,NA,NA,NA,NA,NA
LCAT,6138,N,M,EPHIALTES,N,1658,1987-03-18,3,NA,CB,Duke Lemur Center,2,138,1986-10-31,10,2543,LYSIS,LCAT,1976-03-29,10.6,MULT,NA,NA,NA,NA,1992-11-01,5.63,NA,NA,5.63,NA,NA,2227,1988-08-30,8,531,75.86,17.46,17,1.45,NA,NA,NA,1524,1.32,young_adult,NP,NA,NA,NA,NA,NA,NA
LCAT,6139,N,M,CROESUS,N,1659,1987-03-18,3,NA,CB,Duke Lemur Center,2,138,1986-10-31,10,2543,LYSIS,LCAT,1976-03-29,10.6,MULT,NA,NA,NA,NA,2017-05-01,30.14,NA,NA,30.14,NA,NA,2318,1988-08-30,8,531,75.86,17.46,17,1.45,NA,NA,NA,10471,1.32,young_adult,NP,NA,NA,NA,NA,NA,NA
LCAT,6140,N,F,KATINA,N,1663,1987-03-19,3,NA,CB,Duke Lemur Center,1,138,1986-11-01,11,5585,THERA,LCAT,1981-03-27,5.6,MULT,NA,NA,NA,NA,2004-08-16,17.42,NA,NA,17.42,18,NA,2810,1990-09-07,9,1268,181.14,41.69,41,3.47,NA,NA,NA,5092,1.32,adult,NP,NA,NA,NA,NA,NA,NA
LCAT,6141,N,F,MELINNA,N,1653,1987-03-17,3,NA,CB,Duke Lemur Center,1,138,1986-10-30,10,5819,ATOSSA,LCAT,1981-06-01,5.42,5613,YODA,LCAT,1981-04-21,5.53,NA,NA,NA,3.5,3.5,1,NA,1085,1987-08-28,8,164,23.43,5.39,5,0.45,NA,NA,NA,NA,1.32,IJ,NP,NA,NA,NA,NA,NA,NA
LCAT,6143,N,M,NEMO,N,1673,1987-03-23,3,NA,CB,Duke Lemur Center,1,138,1986-11-05,11,5510,ANEMONE,LCAT,1980-03-14,6.65,MULT,NA,NA,NA,NA,2010-10-17,23.59,NA,NA,23.59,1,NA,2711,1990-09-07,9,1264,180.57,41.56,41,3.46,NA,NA,NA,7345,1.32,adult,NP,NA,NA,NA,NA,NA,NA
LCAT,6149,N,M,PANTORES,N,1696,1987-04-04,4,NA,CB,Duke Lemur Center,2,138,1986-11-17,11,6124,NYSA,LCAT,1976-07-14,10.35,6126,HIPPIAS,LCAT,1978-06-15,8.43,NA,NA,NA,3.52,3.52,NA,NA,1026,1987-08-28,8,146,20.86,4.8,4,0.4,NA,NA,NA,NA,1.32,IJ,NP,NA,NA,NA,NA,NA,NA
LCAT,6150,N,M,JUBA,N,1697,1987-04-04,4,NA,CB,Duke Lemur Center,2,138,1986-11-17,11,6124,NYSA,LCAT,1976-07-14,10.35,6126,HIPPIAS,LCAT,1978-06-15,8.43,1990-05-21,3.13,NA,NA,3.13,NA,NA,980,1987-08-28,8,146,20.86,4.8,4,0.4,NA,NA,NA,997,1.32,IJ,NP,NA,NA,NA,NA,NA,NA
EMON,6156,N,M,CESAR,N,81,1987-04-10,4,NA,CB,Duke Lemur Center,1,127,1986-12-04,12,5724,ELENA,EMON,1982-10-01,4.18,5722,Sancho,EMON,1982-10-01,4.18,2018-04-24,31.06,NA,NA,31.06,NA,NA,1476,1988-07-28,7,475,67.86,15.62,15,1.3,NA,NA,NA,10862,1.76,IJ,NP,NA,NA,NA,NA,NA,NA
LCAT,6159,N,F,CLEOMENIS,N,1714,1987-04-15,4,NA,CB,Duke Lemur Center,2,138,1986-11-28,11,5984,CLEIS,LCAT,1985-04-09,1.64,5969,SELAUCIUS,LCAT,1985-03-20,1.69,2010-11-17,23.61,NA,NA,23.61,9,NA,886,1987-08-28,8,135,19.29,4.44,4,0.37,NA,NA,NA,8482,1.32,IJ,NP,NA,NA,NA,NA,NA,NA
EMON,6166,N,F,JACINTA,N,82,1987-04-19,4,NA,CB,Duke Lemur Center,1,127,1986-12-13,12,5717,ESPERANZA,EMON,1977-10-01,9.21,5716,PABLO,EMON,1977-10-01,9.21,NA,NA,NA,27.77,27.77,1,NA,1420,1988-06-29,6,437,62.43,14.37,14,1.2,NA,NA,NA,NA,1.76,IJ,NP,NA,NA,NA,NA,NA,NA
EMON,6172,N,M,JAIME,N,83,1987-04-25,4,NA,CB,Duke Lemur Center,2,127,1986-12-19,12,5952,CONCEPCION,EMON,1984-10-15,2.18,4504,PIERROT,EMON,1976-05-15,10.6,2002-02-11,14.81,NA,NA,14.81,2,NA,310,1987-07-05,7,71,10.14,2.33,2,0.19,NA,NA,NA,5335,1.76,IJ,NP,NA,NA,NA,NA,NA,NA
EMON,6188,N,M,CONCEPCION-A,N,84,1987-04-25,4,NA,CB,Duke Lemur Center,2,127,1986-12-19,12,5952,CONCEPCION,EMON,1984-10-15,2.18,4504,PIERROT,EMON,1976-05-15,10.6,1987-04-30,0.01,NA,NA,0.01,NA,NA,62,1987-04-29,4,4,0.57,0.13,0,0.01,NA,NA,NA,1,1.76,IJ,NP,NA,NA,NA,NA,NA,NA
LCAT,6191,N,M,AGNOSTES,N,1758,1987-06-28,6,NA,CB,Duke Lemur Center,1,138,1987-02-10,2,5668,BAUCIS,LCAT,1982-04-02,4.86,NA,NA,NA,NA,NA,2004-08-20,17.16,NA,NA,17.16,NA,NA,2669,1990-07-09,7,1107,158.14,36.39,36,3.03,NA,NA,NA,5156,1.32,adult,NP,NA,NA,NA,NA,NA,NA
LCAT,6209,N,M,GLAUCON,N,1787,1988-03-14,3,NA,CB,Duke Lemur Center,1,138,1987-10-28,10,2543,LYSIS,LCAT,1976-03-29,11.59,MULT,NA,NA,NA,NA,1996-10-01,8.56,NA,NA,8.56,NA,NA,2556,1990-07-09,7,847,121,27.85,27,2.32,NA,NA,NA,2276,1.32,young_adult,NP,NA,NA,NA,NA,NA,NA
LCAT,6213,N,M,HESPER,N,1805,1988-03-19,3,NA,CB,Duke Lemur Center,1,138,1987-11-02,11,5585,THERA,LCAT,1981-03-27,6.61,MULT3,NA,NA,NA,NA,1992-08-18,4.42,NA,NA,4.42,NA,NA,2611,1990-03-21,3,732,104.57,24.07,24,2.01,NA,NA,NA,881,1.32,young_adult,NP,NA,NA,NA,NA,NA,NA
LCAT,6217,N,F,AGATHA,N,1834,1988-03-27,3,NA,CB,Duke Lemur Center,1,138,1987-11-10,11,5847,CORINNA,LCAT,1984-03-16,3.65,MULT,NA,NA,NA,NA,2001-05-01,13.1,NA,NA,13.1,1,NA,2653,1990-07-09,7,834,119.14,27.42,27,2.28,NA,NA,NA,3949,1.32,young_adult,NP,NA,NA,NA,NA,NA,NA
EMON,6218,N,F,ANA,N,88,1988-04-02,4,NA,CB,Duke Lemur Center,1,127,1987-11-27,11,5724,ELENA,EMON,1982-10-01,5.16,5722,Sancho,EMON,1982-10-01,5.16,2001-01-10,12.78,NA,NA,12.78,5,NA,61.5,1988-04-04,4,2,0.29,0.07,0,0.01,NA,NA,NA,4664,1.76,IJ,NP,NA,NA,NA,NA,NA,NA
EMON,6220,N,F,ROSA,N,89,1988-04-06,4,NA,CB,Duke Lemur Center,1,127,1987-12-01,12,5721,EVITA,EMON,1981-10-01,6.17,5720,JUAN,EMON,1978-10-01,9.17,1988-06-29,0.23,NA,NA,0.23,NA,NA,75,1988-04-11,4,5,0.71,0.16,0,0.01,NA,NA,NA,79,1.76,IJ,NP,NA,NA,NA,NA,NA,NA
EMON,6224,N,F,ARALES,N,90,1988-04-13,4,NA,CB,Duke Lemur Center,1,127,1987-12-08,12,5879,CHIQUITA,EMON,1984-04-12,3.66,5955,FIDEL,EMON,1985-01-13,2.9,NA,NA,NA,22.42,22.42,NA,NA,1643,1990-01-31,1,658,94,21.63,21,1.8,NA,NA,NA,NA,1.76,young_adult,NP,NA,NA,NA,NA,NA,NA
EMON,6226,N,M,JORGE,N,91,1988-04-15,4,NA,CB,Duke Lemur Center,1,127,1987-12-10,12,5952,CONCEPCION,EMON,1984-10-15,3.15,4504,PIERROT,EMON,1976-05-15,11.58,2018-08-11,30.34,NA,NA,30.34,3,NA,1988,1991-03-07,3,1056,150.86,34.72,34,2.89,NA,NA,NA,10019,1.76,young_adult,NP,NA,NA,NA,NA,NA,NA
EMON,6227,N,M,TOMAS,N,92,1988-04-15,4,NA,CB,Duke Lemur Center,1,127,1987-12-10,12,5715,ISABELLA,EMON,1978-10-01,9.2,5714,FERDINAND,EMON,1978-10-01,9.2,NA,NA,NA,30.67,30.67,NA,NA,315,1988-06-20,6,66,9.43,2.17,2,0.18,NA,NA,NA,NA,1.76,IJ,NP,NA,NA,NA,NA,NA,NA
LCAT,6229,N,F,Chloris,Y,1856,1988-04-17,4,NA,CB,Duke Lemur Center,2,138,1987-12-01,12,6124,NYSA,LCAT,1976-07-14,11.39,5667,PHILEMON,LCAT,1982-04-02,5.67,NA,NA,30.83,NA,30.83,10,NA,2429,1990-09-07,9,873,124.71,28.7,28,2.39,NA,NA,NA,NA,1.32,young_adult,NP,NA,NA,NA,NA,NA,NA
ERUB,6230,N,M,ARAPAHOE,N,23,1988-04-21,4,NA,CB,Duke Lemur Center,2,120,1987-12-23,12,6038,Dido II,ERUB,1984-10-01,3.23,6121,Mohawk,ERUB,1982-10-01,5.23,NA,NA,NA,13.19,13.19,2,NA,328,1988-06-17,6,57,8.14,1.87,1,0.16,NA,NA,NA,NA,1.78,IJ,NP,NA,NA,NA,NA,NA,NA
ERUB,6231,N,F,Cheyenne,Y,24,1988-04-21,4,NA,CB,Duke Lemur Center,2,120,1987-12-23,12,6038,Dido II,ERUB,1984-10-01,3.23,6121,Mohawk,ERUB,1982-10-01,5.23,NA,NA,30.82,NA,30.82,3,NA,325,1988-06-17,6,57,8.14,1.87,1,0.16,NA,NA,NA,NA,1.78,IJ,NP,NA,NA,NA,NA,NA,NA
EMON,6237,N,M,FABIO,N,93,1988-04-23,4,NA,CB,Duke Lemur Center,1,127,1987-12-18,12,5719,CARMEN,EMON,1978-10-01,9.22,5718,MANUEL,EMON,1977-10-01,10.22,2010-12-15,22.66,NA,NA,22.66,2,NA,1560,1992-05-07,5,1475,210.71,48.49,48,4.04,NA,NA,NA,6796,1.76,adult,NP,NA,NA,NA,NA,NA,NA
EMON,6246,N,F,BETI,N,94,1988-05-06,5,NA,CB,Duke Lemur Center,1,127,1987-12-31,12,5717,ESPERANZA,EMON,1977-10-01,10.25,5716,PABLO,EMON,1977-10-01,10.25,1998-11-30,10.58,NA,NA,10.58,2,NA,2088,1990-06-26,6,781,111.57,25.68,25,2.14,NA,NA,NA,3079,1.76,young_adult,NP,NA,NA,NA,NA,NA,NA
EMON,6263,N,F,Moheli,N,85,1987-05-13,5,NA,CB,Philadelphia Zoo,NA,127,1987-01-06,1,oi_100074,NA,NA,NA,NA,oi_101359,NA,NA,NA,NA,2014-10-04,27.41,NA,NA,27.41,9,NA,1525,1989-03-20,3,677,96.71,22.26,22,1.85,NA,NA,NA,9329,1.76,young_adult,NP,NA,NA,NA,NA,NA,NA
LCAT,6268,N,M,BRENNUS,N,1917,1989-03-08,3,NA,CB,Duke Lemur Center,1,138,1988-10-21,10,2543,LYSIS,LCAT,1976-03-29,12.57,5938,DION,LCAT,1984-05-30,4.4,NA,NA,NA,29.65,29.65,2,NA,2243,1990-09-07,9,548,78.29,18.02,18,1.5,NA,NA,NA,NA,1.32,young_adult,NP,NA,NA,NA,NA,NA,NA
LCAT,6269,N,M,AJAX,N,1921,1989-03-10,3,NA,CB,Duke Lemur Center,1,138,1988-10-23,10,5585,THERA,LCAT,1981-03-27,7.58,MULT8,NA,NA,NA,NA,NA,NA,NA,19.62,19.62,NA,NA,2470,1990-09-07,9,546,78,17.95,17,1.5,NA,NA,NA,NA,1.32,young_adult,NP,NA,NA,NA,NA,NA,NA
LCAT,6271,N,M,IKAROS,N,1931,1989-03-14,3,NA,CB,Duke Lemur Center,2,138,1988-10-27,10,6124,NYSA,LCAT,1976-07-14,12.3,NA,NA,NA,NA,NA,1992-09-19,3.52,NA,NA,3.52,NA,NA,2070,1990-09-07,9,542,77.43,17.82,17,1.48,NA,NA,NA,743,1.32,young_adult,NP,NA,NA,NA,NA,NA,NA
LCAT,6276,N,F,Dory,N,1933,1989-03-15,3,NA,CB,Duke Lemur Center,2,138,1988-10-28,10,5984,CLEIS,LCAT,1985-04-09,3.56,NA,NA,NA,NA,NA,2015-06-09,26.25,NA,NA,26.25,10,NA,2143,1990-09-07,9,541,77.29,17.79,17,1.48,NA,NA,NA,9041,1.32,young_adult,NP,NA,NA,NA,NA,NA,NA
LCAT,6277,N,F,ALICE,N,1934,1989-03-15,3,NA,CB,Duke Lemur Center,2,138,1988-10-28,10,5984,CLEIS,LCAT,1985-04-09,3.56,5969,SELAUCIUS,LCAT,1985-03-20,3.61,2006-12-11,17.75,NA,NA,17.75,2,NA,1816,1990-09-07,9,541,77.29,17.79,17,1.48,NA,NA,NA,5939,1.32,young_adult,NP,NA,NA,NA,NA,NA,NA
LCAT,6280,N,F,NINNA,N,1935,1989-03-15,3,NA,CB,Duke Lemur Center,1,138,1988-10-28,10,5847,CORINNA,LCAT,1984-03-16,4.62,MULT3,NA,NA,NA,NA,2016-05-19,27.2,NA,NA,27.2,10,NA,2411,1990-09-07,9,541,77.29,17.79,17,1.48,NA,NA,NA,9386,1.32,young_adult,NP,NA,NA,NA,NA,NA,NA
ERUB,6290,N,M,CHEROKEE,N,29,1989-03-28,3,NA,CB,Duke Lemur Center,1,120,1988-11-28,11,6038,Dido II,ERUB,1984-10-01,4.16,6121,Mohawk,ERUB,1982-10-01,6.16,2002-10-28,13.59,NA,NA,13.59,NA,NA,2283.5,1992-02-04,2,1043,149,34.29,34,2.86,NA,NA,NA,3919,1.78,young_adult,NP,NA,NA,NA,NA,NA,NA
EMON,6292,N,M,TRINI,N,100,1989-04-02,4,NA,CB,Duke Lemur Center,1,127,1988-11-26,11,5724,ELENA,EMON,1982-10-01,6.16,5722,Sancho,EMON,1982-10-01,6.16,NA,NA,NA,14.01,14.01,NA,NA,1558,1990-08-13,8,498,71.14,16.37,16,1.36,NA,NA,NA,NA,1.76,IJ,NP,NA,NA,NA,NA,NA,NA
LCAT,6301,N,F,BUBA,N,1979,1989-04-17,4,NA,CB,Duke Lemur Center,2,138,1988-11-30,11,5668,BAUCIS,LCAT,1982-04-02,6.67,NA,NA,NA,NA,NA,1992-08-28,3.37,NA,NA,3.37,1,NA,2003,1990-09-07,9,508,72.57,16.7,16,1.39,NA,NA,NA,721,1.32,young_adult,NP,NA,NA,NA,NA,NA,NA
LCAT,6307,N,F,SELENE,N,1983,1989-04-20,4,NA,CB,Duke Lemur Center,2,138,1988-12-03,12,5510,ANEMONE,LCAT,1980-03-14,8.73,5939,HIERON,LCAT,1984-05-30,4.52,2003-03-11,13.9,NA,NA,13.9,1,NA,2016,1990-09-07,9,505,72.14,16.6,16,1.38,NA,NA,NA,4568,1.32,young_adult,NP,NA,NA,NA,NA,NA,NA
LCAT,6308,N,F,BIAS,N,1984,1989-04-20,4,NA,CB,Duke Lemur Center,2,138,1988-12-03,12,5510,ANEMONE,LCAT,1980-03-14,8.73,5939,HIERON,LCAT,1984-05-30,4.52,2009-09-09,20.4,NA,NA,20.4,1,NA,1730,1990-09-07,9,505,72.14,16.6,16,1.38,NA,NA,NA,6942,1.32,young_adult,NP,NA,NA,NA,NA,NA,NA
EMON,6321,N,M,MARIO,N,103,1989-06-01,6,NA,CB,Duke Lemur Center,1,127,1989-01-25,1,5717,ESPERANZA,EMON,1977-10-01,11.33,5716,PABLO,EMON,1977-10-01,11.33,1999-10-26,10.41,NA,NA,10.41,1,NA,1407,1991-03-11,3,648,92.57,21.3,21,1.78,NA,NA,NA,3151,1.76,young_adult,NP,NA,NA,NA,NA,NA,NA
LCAT,6322,N,M,HECTOR,N,2017,1989-06-07,6,NA,CB,Duke Lemur Center,1,138,1989-01-20,1,6159,CLEOMENIS,LCAT,1987-04-15,1.77,NA,NA,NA,NA,NA,2004-09-13,15.28,NA,NA,15.28,5,NA,1616,1990-09-07,9,457,65.29,15.02,15,1.25,NA,NA,NA,5120,1.32,IJ,NP,NA,NA,NA,NA,NA,NA
EMON,6324,N,M,JACINTA-A,N,104,1989-06-15,6,NA,CB,Duke Lemur Center,1,127,1989-02-08,2,6166,JACINTA,EMON,1987-04-19,1.81,6033,SIXTO,EMON,1985-11-05,3.26,1989-06-16,0,NA,NA,0,NA,NA,40.3,1989-06-15,6,0,0,0,0,0,NA,NA,NA,1,1.76,IJ,NP,NA,NA,NA,NA,NA,NA
ERUB,6338,N,F,Hopi,N,34,1990-03-01,3,NA,CB,Duke Lemur Center,1,120,1989-11-01,11,6038,Dido II,ERUB,1984-10-01,5.09,6121,Mohawk,ERUB,1982-10-01,7.09,2015-08-25,25.5,NA,NA,25.5,1,NA,274,1990-03-27,3,26,3.71,0.85,0,0.07,NA,NA,NA,9282,1.78,IJ,NP,NA,NA,NA,NA,NA,NA
EMON,6344,N,M,Julio,Y,105,1990-03-19,3,NA,CB,Duke Lemur Center,1,127,1989-11-12,11,6077,PIEDAD,EMON,1986-04-04,3.61,5723,PEPE,EMON,1982-10-01,7.12,NA,NA,28.91,NA,28.91,3,NA,1149,1991-03-22,3,368,52.57,12.1,12,1.01,NA,NA,NA,NA,1.76,IJ,NP,NA,NA,NA,NA,NA,NA
LCAT,6351,N,M,NESTOR II,N,2068,1990-03-22,3,NA,CB,Duke Lemur Center,2,138,1989-11-04,11,2543,LYSIS,LCAT,1976-03-29,13.61,5938,DION,LCAT,1984-05-30,5.44,1996-12-23,6.76,NA,NA,6.76,NA,NA,904,1990-09-07,9,169,24.14,5.56,5,0.46,NA,NA,NA,2299,1.32,IJ,NP,NA,NA,NA,NA,NA,NA
LCAT,6352,N,F,NOSSIS,N,2069,1990-03-22,3,NA,CB,Duke Lemur Center,2,138,1989-11-04,11,2543,LYSIS,LCAT,1976-03-29,13.61,5938,DION,LCAT,1984-05-30,5.44,1998-12-28,8.78,NA,NA,8.78,1,NA,853,1990-09-07,9,169,24.14,5.56,5,0.46,NA,NA,NA,3034,1.32,IJ,NP,NA,NA,NA,NA,NA,NA
LCAT,6355,N,M,PROTAGORUS,N,2066,1990-03-22,3,NA,CB,Duke Lemur Center,2,138,1989-11-04,11,5510,ANEMONE,LCAT,1980-03-14,9.65,MULT11,NA,NA,NA,NA,2011-05-16,21.16,NA,NA,21.16,NA,NA,250,1990-05-23,5,62,8.86,2.04,2,0.17,NA,NA,NA,7663,1.32,IJ,NP,NA,NA,NA,NA,NA,NA
LCAT,6356,N,F,POLYANTHA,N,2067,1990-03-22,3,NA,CB,Duke Lemur Center,2,138,1989-11-04,11,5510,ANEMONE,LCAT,1980-03-14,9.65,MULT11,NA,NA,NA,NA,2008-04-09,18.06,NA,NA,18.06,NA,NA,268,1990-05-23,5,62,8.86,2.04,2,0.17,NA,NA,NA,6531,1.32,IJ,NP,NA,NA,NA,NA,NA,NA
LCAT,6357,N,M,MEGACREON,N,2072,1990-03-25,3,NA,CB,Duke Lemur Center,1,138,1989-11-07,11,5847,CORINNA,LCAT,1984-03-16,5.65,MULT11,NA,NA,NA,NA,1991-08-14,1.39,NA,NA,1.39,NA,NA,994,1990-09-07,9,166,23.71,5.46,5,0.45,NA,NA,NA,341,1.32,IJ,NP,NA,NA,NA,NA,NA,NA
LCAT,6365,N,F,BERYL,N,2093,1990-04-05,4,NA,CB,Duke Lemur Center,1,138,1989-11-18,11,6217,AGATHA,LCAT,1988-03-27,1.65,MULT11,NA,NA,NA,NA,2001-07-06,11.26,NA,NA,11.26,NA,NA,427,1990-07-09,7,95,13.57,3.12,3,0.26,NA,NA,NA,4015,1.32,IJ,NP,NA,NA,NA,NA,NA,NA
LCAT,6368,N,M,AESCHYLUS,N,2113,1990-04-16,4,NA,CB,Duke Lemur Center,1,138,1989-11-29,11,6229,Chloris,LCAT,1988-04-17,1.62,MULT,NA,NA,NA,NA,2003-11-23,13.61,NA,NA,13.61,NA,NA,808,1990-09-07,9,144,20.57,4.73,4,0.39,NA,NA,NA,4825,1.32,IJ,NP,NA,NA,NA,NA,NA,NA
EMON,6382,N,M,RAUL,N,106,1990-05-03,5,NA,CB,Duke Lemur Center,1,127,1989-12-27,12,5724,ELENA,EMON,1982-10-01,7.24,5722,Sancho,EMON,1982-10-01,7.24,2018-03-06,27.86,NA,NA,27.86,NA,NA,613,1990-08-13,8,102,14.57,3.35,3,0.28,NA,NA,NA,10067,1.76,IJ,NP,NA,NA,NA,NA,NA,NA
EMON,6383,N,F,CARMEN-B,N,107,1990-05-07,5,NA,CB,Duke Lemur Center,1,127,1989-12-31,12,5719,CARMEN,EMON,1978-10-01,11.26,5718,MANUEL,EMON,1977-10-01,12.26,1990-05-07,0,NA,NA,0,NA,NA,52,1990-05-07,5,0,0,0,0,0,NA,NA,NA,0,1.76,IJ,NP,NA,NA,NA,NA,NA,NA
LCAT,6385,N,M,CLEOMEDON,N,2122,1990-05-08,5,NA,CB,Duke Lemur Center,1,138,1989-12-21,12,6159,CLEOMENIS,LCAT,1987-04-15,2.69,MULT,NA,NA,NA,NA,NA,NA,NA,5.81,5.81,NA,NA,503,1990-08-30,8,114,16.29,3.75,3,0.31,NA,NA,NA,NA,1.32,IJ,NP,NA,NA,NA,NA,NA,NA
EMON,6390,N,M,Pedro,Y,110,1990-06-17,6,NA,CB,Duke Lemur Center,1,127,1990-02-10,2,6263,Moheli,EMON,1987-05-13,2.75,6131,JAVIER,EMON,1986-11-06,3.27,NA,NA,28.66,NA,28.66,1,NA,1580,1991-10-07,10,477,68.14,15.68,15,1.31,NA,NA,NA,NA,1.76,IJ,NP,NA,NA,NA,NA,NA,NA
ERUB,6392,N,M,Navajo,N,20,1988-10-01,10,Y,WB,Madagascar /,NA,120,1988-06-03,6,WILD,NA,NA,NA,NA,WILD,NA,NA,NA,NA,2012-09-18,23.98,NA,NA,23.98,7,Y,1752,1990-07-25,7,662,94.57,21.76,21,1.81,NA,NA,NA,8091,1.78,young_adult,NP,NA,NA,NA,NA,NA,NA
EMON,6396,N,F,ANITA,N,95,1988-05-19,5,NA,CB,Philadelphia Zoo,NA,127,1988-01-13,1,oi_100074,NA,NA,NA,NA,oi_101359,NA,NA,NA,NA,2017-07-11,29.16,NA,NA,29.16,4,NA,1494,1991-07-05,7,1142,163.14,37.55,37,3.13,NA,NA,NA,9503,1.76,young_adult,NP,NA,NA,NA,NA,NA,NA
ERUB,6403,N,F,ZUNI,N,39,1991-03-20,3,NA,CB,Duke Lemur Center,1,120,1990-11-20,11,6038,Dido II,ERUB,1984-10-01,6.14,6121,Mohawk,ERUB,1982-10-01,8.14,2008-11-17,17.68,NA,NA,17.68,NA,NA,352,1991-05-09,5,50,7.14,1.64,1,0.14,NA,NA,NA,6402,1.78,IJ,NP,NA,NA,NA,NA,NA,NA
LCAT,6405,N,M,SEUTHES,N,2174,1991-03-25,3,NA,CB,Duke Lemur Center,1,138,1990-11-07,11,2543,LYSIS,LCAT,1976-03-29,14.62,MULT,NA,NA,NA,NA,NA,NA,NA,19.91,19.91,NA,NA,942,1991-11-01,11,221,31.57,7.27,7,0.61,NA,NA,NA,NA,1.32,IJ,NP,NA,NA,NA,NA,NA,NA
EMON,6408,N,F,CHIQUITA-C,N,111,1991-03-29,3,NA,CB,Duke Lemur Center,1,127,1990-11-22,11,5879,CHIQUITA,EMON,1984-04-12,6.62,5955,FIDEL,EMON,1985-01-13,5.86,1991-03-30,0,NA,NA,0,NA,NA,55,1991-03-30,3,1,0.14,0.03,0,0,NA,NA,NA,0,1.76,IJ,NP,NA,NA,NA,NA,NA,NA
LCAT,6410,N,M,PHILIP,N,2182,1991-03-30,3,NA,CB,Duke Lemur Center,1,138,1990-11-12,11,6229,Chloris,LCAT,1988-04-17,2.57,MULT,NA,NA,NA,NA,1992-01-01,0.76,NA,NA,0.76,NA,NA,1448,1991-11-01,11,216,30.86,7.1,7,0.59,NA,NA,NA,61,1.32,IJ,NP,NA,NA,NA,NA,NA,NA
LCAT,6412,N,M,SATYRUS,N,2190,1991-04-01,4,NA,CB,Duke Lemur Center,1,138,1990-11-14,11,5984,CLEIS,LCAT,1985-04-09,5.6,MULT,NA,NA,NA,NA,1991-12-16,0.71,NA,NA,0.71,NA,NA,1249,1991-11-01,11,214,30.57,7.04,7,0.59,NA,NA,NA,45,1.32,IJ,NP,NA,NA,NA,NA,NA,NA
LCAT,6413,N,F,DELIA,N,2192,1991-04-02,4,NA,CB,Duke Lemur Center,1,138,1990-11-15,11,6159,CLEOMENIS,LCAT,1987-04-15,3.59,MULT,NA,NA,NA,NA,1991-12-11,0.69,NA,NA,0.69,NA,NA,1073,1991-11-01,11,213,30.43,7,7,0.58,NA,NA,NA,40,1.32,IJ,NP,NA,NA,NA,NA,NA,NA
LCAT,6416,N,M,EPHORUS,N,2196,1991-04-04,4,NA,CB,Duke Lemur Center,1,138,1990-11-17,11,6301,BUBA,LCAT,1989-04-17,1.59,MULT,NA,NA,NA,NA,1992-02-16,0.87,NA,NA,0.87,NA,NA,808,1991-11-01,11,211,30.14,6.94,6,0.58,NA,NA,NA,107,1.32,IJ,NP,NA,NA,NA,NA,NA,NA
EMON,6417,N,M,JOSE,N,112,1991-04-09,4,NA,CB,Duke Lemur Center,1,127,1990-12-03,12,5724,ELENA,EMON,1982-10-01,8.18,5722,Sancho,EMON,1982-10-01,8.18,NA,NA,NA,27.59,27.59,NA,NA,868,1991-10-08,10,182,26,5.98,5,0.5,NA,NA,NA,NA,1.76,IJ,NP,NA,NA,NA,NA,NA,NA
EMON,6418,N,M,CARLOS,N,113,1991-04-10,4,NA,CB,Duke Lemur Center,1,127,1990-12-04,12,6263,Moheli,EMON,1987-05-13,3.56,6131,JAVIER,EMON,1986-11-06,4.08,NA,NA,NA,27.44,27.44,2,NA,1026,1991-10-07,10,180,25.71,5.92,5,0.49,NA,NA,NA,NA,1.76,IJ,NP,NA,NA,NA,NA,NA,NA
EMON,6425,N,M,ALEJANDRO,N,114,1991-04-15,4,NA,CB,Duke Lemur Center,1,127,1990-12-09,12,5719,CARMEN,EMON,1978-10-01,12.2,5718,MANUEL,EMON,1977-10-01,13.2,2011-05-20,20.11,NA,NA,20.11,3,NA,463,1991-07-29,7,105,15,3.45,3,0.29,NA,NA,NA,7235,1.76,IJ,NP,NA,NA,NA,NA,NA,NA
EMON,6426,N,M,BETI-A,N,115,1991-04-15,4,NA,CB,Duke Lemur Center,1,127,1990-12-09,12,6246,BETI,EMON,1988-05-06,2.59,6172,JAIME,EMON,1987-04-25,3.63,1991-04-15,0,NA,NA,0,NA,NA,59,1991-04-15,4,0,0,0,0,0,NA,NA,NA,0,1.76,IJ,NP,NA,NA,NA,NA,NA,NA
ERUB,6431,N,M,ENO,N,41,1991-04-30,4,NA,CB,Duke Lemur Center,1,120,1990-12-31,12,6231,Cheyenne,ERUB,1988-04-21,2.7,6392,Navajo,ERUB,1988-10-01,2.25,NA,NA,NA,27.61,27.61,1,NA,117,1991-05-09,5,9,1.29,0.3,0,0.02,NA,NA,NA,NA,1.78,IJ,NP,NA,NA,NA,NA,NA,NA
EMON,6432,N,M,CHE,N,117,1991-05-04,5,NA,CB,Duke Lemur Center,1,127,1990-12-28,12,6077,PIEDAD,EMON,1986-04-04,4.74,5723,PEPE,EMON,1982-10-01,8.25,NA,NA,NA,14.07,14.07,4,NA,781,1991-09-18,9,137,19.57,4.5,4,0.38,NA,NA,NA,NA,1.76,IJ,NP,NA,NA,NA,NA,NA,NA
EMON,6434,N,M,MIGUEL,N,118,1991-05-10,5,NA,CB,Duke Lemur Center,1,127,1991-01-03,1,6218,ANA,EMON,1988-04-02,2.76,6076,RAFAEL,EMON,1986-04-04,4.75,2012-11-02,21.5,NA,NA,21.5,NA,NA,970,1992-05-06,5,362,51.71,11.9,11,0.99,NA,NA,NA,7485,1.76,IJ,NP,NA,NA,NA,NA,NA,NA
LCAT,6435,N,M,GELON,N,2215,1991-05-13,5,NA,CB,Duke Lemur Center,1,138,1990-12-26,12,6276,Dory,LCAT,1989-03-15,1.78,MULT,NA,NA,NA,NA,2015-10-05,24.41,NA,NA,24.41,5,NA,1073,1991-11-01,11,172,24.57,5.65,5,0.47,NA,NA,NA,8739,1.32,IJ,NP,NA,NA,NA,NA,NA,NA
LCAT,6440,N,M,Aracus,Y,2219,1991-05-23,5,NA,CB,Duke Lemur Center,1,138,1991-01-05,1,5847,CORINNA,LCAT,1984-03-16,6.81,MULT,NA,NA,NA,NA,NA,NA,27.73,NA,27.73,17,NA,808,1991-11-01,11,162,23.14,5.33,5,0.44,NA,NA,NA,NA,1.32,IJ,NP,NA,NA,NA,NA,NA,NA
EMON,6443,N,F,JUANITA,N,119,1991-06-13,6,NA,CB,Duke Lemur Center,1,127,1991-02-06,2,5721,EVITA,EMON,1981-10-01,9.36,5720,JUAN,EMON,1978-10-01,12.36,2016-04-12,24.85,NA,NA,24.85,NA,NA,174,1991-07-17,7,34,4.86,1.12,1,0.09,NA,NA,NA,9036,1.76,IJ,NP,NA,NA,NA,NA,NA,NA
EMON,6444,N,F,CLARA,N,121,1991-06-17,6,NA,CB,Duke Lemur Center,2,127,1991-02-10,2,5952,CONCEPCION,EMON,1984-10-15,6.33,4504,PIERROT,EMON,1976-05-15,14.75,NA,NA,NA,27.57,27.57,2,NA,110,1991-07-17,7,30,4.29,0.99,0,0.08,NA,NA,NA,NA,1.76,IJ,NP,NA,NA,NA,NA,NA,NA
EMON,6445,N,F,MARTA,N,122,1991-06-17,6,NA,CB,Duke Lemur Center,2,127,1991-02-10,2,5952,CONCEPCION,EMON,1984-10-15,6.33,4504,PIERROT,EMON,1976-05-15,14.75,2016-12-01,25.48,NA,NA,25.48,2,NA,111,1991-07-17,7,30,4.29,0.99,0,0.08,NA,NA,NA,9269,1.76,IJ,NP,NA,NA,NA,NA,NA,NA
LCAT,6448,N,F,CHRYSES,N,2225,1991-06-21,6,NA,CB,Duke Lemur Center,1,138,1991-02-03,2,6280,NINNA,LCAT,1989-03-15,1.89,NA,NA,NA,NA,NA,1992-02-17,0.66,NA,NA,0.66,NA,NA,654,1991-11-01,11,133,19,4.37,4,0.36,NA,NA,NA,108,1.32,IJ,NP,NA,NA,NA,NA,NA,NA
ERUB,6449,N,F,SEMINOLE-A,N,43,1991-07-09,7,NA,CB,Duke Lemur Center,1,120,1991-03-11,3,6122,SEMINOLE,ERUB,1982-10-01,8.45,6230,ARAPAHOE,ERUB,1988-04-21,2.89,1991-07-09,0,NA,NA,0,NA,NA,81.5,1991-07-09,7,0,0,0,0,0,NA,NA,NA,0,1.78,IJ,NP,NA,NA,NA,NA,NA,NA
EMON,6460,N,F,IMELDA,N,124,1992-03-10,3,NA,CB,Duke Lemur Center,1,127,1991-11-04,11,5879,CHIQUITA,EMON,1984-04-12,7.57,5955,FIDEL,EMON,1985-01-13,6.81,NA,NA,NA,11.07,11.07,1,NA,360,1992-06-25,6,107,15.29,3.52,3,0.29,NA,NA,NA,NA,1.76,IJ,NP,NA,NA,NA,NA,NA,NA
EMON,6468,N,F,FERMINA,N,125,1992-03-23,3,NA,CB,Duke Lemur Center,1,127,1991-11-17,11,5719,CARMEN,EMON,1978-10-01,13.14,5718,MANUEL,EMON,1977-10-01,14.14,1996-09-11,4.47,NA,NA,4.47,NA,NA,340,1992-06-05,6,74,10.57,2.43,2,0.2,NA,NA,NA,1559,1.76,IJ,NP,NA,NA,NA,NA,NA,NA
EMON,6471,N,F,PILAR II,N,126,1992-03-26,3,NA,CB,Duke Lemur Center,1,127,1991-11-20,11,5724,ELENA,EMON,1982-10-01,9.14,5722,Sancho,EMON,1982-10-01,9.14,2005-04-05,13.04,NA,NA,13.04,NA,NA,1320,1992-12-23,12,272,38.86,8.94,8,0.75,NA,NA,NA,4486,1.76,IJ,NP,NA,NA,NA,NA,NA,NA
EMON,6473,N,M,THOR,N,24,1972-07-01,7,NA,CB,Oregon Regional Primate Research Cntr,NA,127,1972-02-25,2,NA,NA,NA,NA,NA,NA,NA,NA,NA,NA,NA,NA,NA,7.89,7.89,NA,NA,1592,1978-11-01,11,2314,330.57,76.08,76,6.34,NA,NA,NA,NA,1.76,adult,NP,NA,NA,NA,NA,NA,NA
ERUB,6484,N,F,SHOSHONE,N,48,1992-04-21,4,NA,CB,Duke Lemur Center,1,120,1991-12-23,12,6038,Dido II,ERUB,1984-10-01,7.23,6121,Mohawk,ERUB,1982-10-01,9.23,2005-07-09,13.22,NA,NA,13.22,NA,NA,89,1992-04-22,4,1,0.14,0.03,0,0,NA,NA,NA,4826,1.78,IJ,NP,NA,NA,NA,NA,NA,NA
LCAT,6485,N,M,PHILOCLES,N,2271,1992-04-06,4,NA,CB,Duke Lemur Center,1,138,1991-11-20,11,5847,CORINNA,LCAT,1984-03-16,7.68,MULT,NA,NA,NA,NA,NA,NA,NA,26.45,26.45,3,NA,1135,1992-09-24,9,171,24.43,5.62,5,0.47,NA,NA,NA,NA,1.32,IJ,NP,NA,NA,NA,NA,NA,NA
EMON,6487,N,F,ESTELLA,N,128,1992-04-27,4,NA,CB,Duke Lemur Center,1,127,1991-12-22,12,5721,EVITA,EMON,1981-10-01,10.23,5720,JUAN,EMON,1978-10-01,13.23,NA,NA,NA,2.15,2.15,NA,NA,53,1992-04-29,4,2,0.29,0.07,0,0.01,NA,NA,NA,NA,1.76,IJ,NP,NA,NA,NA,NA,NA,NA
ERUB,6488,N,M,Iroquois,N,49,1992-04-29,4,NA,CB,Duke Lemur Center,1,120,1991-12-31,12,6122,SEMINOLE,ERUB,1982-10-01,9.25,6230,ARAPAHOE,ERUB,1988-04-21,3.7,2018-08-17,26.32,NA,NA,26.32,1,NA,65.6,1992-04-29,4,0,0,0,0,0,NA,NA,NA,9606,1.78,IJ,NP,NA,NA,NA,NA,NA,NA
EMON,6490,N,M,HUGO,N,129,1992-05-05,5,NA,CB,Duke Lemur Center,1,127,1991-12-30,12,6246,BETI,EMON,1988-05-06,3.65,6172,JAIME,EMON,1987-04-25,4.68,2016-05-09,24.03,NA,NA,24.03,NA,NA,65.5,1992-05-07,5,2,0.29,0.07,0,0.01,NA,NA,NA,8768,1.76,IJ,NP,NA,NA,NA,NA,NA,NA
EMON,6501,N,F,CONSUELA,N,130,1992-05-19,5,NA,CB,Duke Lemur Center,1,127,1992-01-13,1,6077,PIEDAD,EMON,1986-04-04,5.78,5723,PEPE,EMON,1982-10-01,9.29,2008-06-21,16.1,NA,NA,16.1,NA,NA,84.7,1992-05-27,5,8,1.14,0.26,0,0.02,NA,NA,NA,5869,1.76,IJ,NP,NA,NA,NA,NA,NA,NA
EMON,6502,N,F,DIABLA,N,131,1992-05-25,5,NA,CB,Duke Lemur Center,1,127,1992-01-19,1,5952,CONCEPCION,EMON,1984-10-15,7.27,4504,PIERROT,EMON,1976-05-15,15.69,2002-11-14,10.48,NA,NA,10.48,1,NA,66.6,1992-05-25,5,0,0,0,0,0,NA,NA,NA,3825,1.76,IJ,NP,NA,NA,NA,NA,NA,NA
ERUB,6503,N,M,COMANCHE,N,50,1992-05-25,5,NA,CB,Duke Lemur Center,1,120,1992-01-26,1,6231,Cheyenne,ERUB,1988-04-21,3.77,6392,Navajo,ERUB,1988-10-01,3.32,2006-12-15,14.57,NA,NA,14.57,1,NA,70.1,1992-05-26,5,1,0.14,0.03,0,0,NA,NA,NA,5316,1.78,IJ,NP,NA,NA,NA,NA,NA,NA
LCAT,6522,N,F,ADEA,N,2316,1993-03-11,3,NA,CB,Duke Lemur Center,3,138,1992-10-24,10,2543,LYSIS,LCAT,1976-03-29,16.58,NA,NA,NA,NA,NA,NA,NA,NA,25.08,25.08,1,NA,1354,1994-01-11,1,306,43.71,10.06,10,0.84,NA,NA,NA,NA,1.32,IJ,NP,NA,NA,NA,NA,NA,NA
LCAT,6528,N,M,Licinius,Y,2327,1993-03-17,3,NA,CB,Duke Lemur Center,1,138,1992-10-30,10,6140,KATINA,LCAT,1987-03-19,5.62,MULT4,NA,NA,NA,NA,NA,NA,25.91,NA,25.91,NA,NA,1318,1994-01-11,1,300,42.86,9.86,9,0.82,NA,NA,NA,NA,1.32,IJ,NP,NA,NA,NA,NA,NA,NA
LCAT,6529,N,F,NOSSIS-A,N,2330,1993-03-18,3,NA,CB,Duke Lemur Center,1,138,1992-10-31,10,6352,NOSSIS,LCAT,1990-03-22,2.61,NA,NA,NA,NA,NA,1993-05-27,0.19,NA,NA,0.19,NA,NA,241,1993-05-25,5,68,9.71,2.24,2,0.19,NA,NA,NA,2,1.32,IJ,NP,NA,NA,NA,NA,NA,NA
LCAT,6531,N,M,THESSALUS,N,2332,1993-03-19,3,NA,CB,Duke Lemur Center,1,138,1992-11-01,11,5984,CLEIS,LCAT,1985-04-09,7.57,NA,NA,NA,NA,NA,NA,NA,NA,25.64,25.64,NA,NA,1410,1994-01-13,1,300,42.86,9.86,9,0.82,NA,NA,NA,NA,1.32,IJ,NP,NA,NA,NA,NA,NA,NA
LCAT,6532,N,F,PRAXILLA,N,2333,1993-03-19,3,NA,CB,Duke Lemur Center,1,138,1992-11-01,11,6229,Chloris,LCAT,1988-04-17,4.55,MULT,NA,NA,NA,NA,2001-06-28,8.28,NA,NA,8.28,2,NA,1410,1994-01-13,1,300,42.86,9.86,9,0.82,NA,NA,NA,2723,1.32,IJ,NP,NA,NA,NA,NA,NA,NA
LCAT,6533,N,F,THYREA,N,2343,1993-03-21,3,NA,CB,Duke Lemur Center,1,138,1992-11-03,11,6276,Dory,LCAT,1989-03-15,3.64,NA,NA,NA,NA,NA,NA,NA,NA,25.72,25.72,1,NA,1417,1994-01-13,1,298,42.57,9.8,9,0.82,NA,NA,NA,NA,1.32,IJ,NP,NA,NA,NA,NA,NA,NA
LCAT,6534,N,M,Aristides,Y,2344,1993-03-21,3,NA,CB,Duke Lemur Center,1,138,1992-11-03,11,5847,CORINNA,LCAT,1984-03-16,8.64,MULT4,NA,NA,NA,NA,NA,NA,25.9,NA,25.9,NA,NA,1616,1994-01-11,1,296,42.29,9.73,9,0.81,NA,NA,NA,NA,1.32,IJ,NP,NA,NA,NA,NA,NA,NA
ERUB,6535,N,M,SEMINOLE-B,N,57,1993-03-27,3,NA,CB,Duke Lemur Center,1,120,1992-11-27,11,6122,SEMINOLE,ERUB,1982-10-01,10.16,6392,Navajo,ERUB,1988-10-01,4.16,1993-03-27,0,NA,NA,0,NA,NA,76.7,1993-03-27,3,0,0,0,0,0,NA,NA,NA,0,1.78,IJ,NP,NA,NA,NA,NA,NA,NA
EMON,6537,N,M,CONCEPCION-B,N,1114,1993-04-01,4,NA,CB,Duke Lemur Center,1,127,1992-11-25,11,5952,CONCEPCION,EMON,1984-10-15,8.12,4504,PIERROT,EMON,1976-05-15,16.54,1993-04-04,0.01,NA,NA,0.01,NA,NA,68.3,1993-04-01,4,0,0,0,0,0,NA,NA,NA,3,1.76,IJ,NP,NA,NA,NA,NA,NA,NA
EMON,6543,N,M,EDUARDO,N,140,1993-04-11,4,NA,CB,Duke Lemur Center,1,127,1992-12-05,12,6263,Moheli,EMON,1987-05-13,5.57,6226,JORGE,EMON,1988-04-15,4.64,NA,NA,NA,25.69,25.69,NA,NA,82,1993-04-15,4,4,0.57,0.13,0,0.01,NA,NA,NA,NA,1.76,IJ,NP,NA,NA,NA,NA,NA,NA
EMON,6544,N,F,PEPITA,N,1115,1993-04-14,4,NA,CB,Duke Lemur Center,1,127,1992-12-08,12,6077,PIEDAD,EMON,1986-04-04,6.68,5723,PEPE,EMON,1982-10-01,10.19,1993-05-29,0.12,NA,NA,0.12,NA,NA,61,1993-04-15,4,1,0.14,0.03,0,0,NA,NA,NA,44,1.76,IJ,NP,NA,NA,NA,NA,NA,NA
EMON,6545,N,M,GUILLERMO,N,142,1993-05-11,5,NA,CB,Duke Lemur Center,1,127,1993-01-04,1,6102,Flor,EMON,1986-05-20,6.63,6237,FABIO,EMON,1988-04-23,4.7,NA,NA,NA,25.67,25.67,1,NA,51.5,1993-05-12,5,1,0.14,0.03,0,0,NA,NA,NA,NA,1.76,IJ,NP,NA,NA,NA,NA,NA,NA
LCAT,6549,N,F,ATTHIS,N,2360,1993-05-17,5,NA,CB,Duke Lemur Center,2,138,1992-12-30,12,6280,NINNA,LCAT,1989-03-15,3.8,MULT,NA,NA,NA,NA,NA,NA,NA,2.78,2.78,1,NA,1481,1994-01-11,1,239,34.14,7.86,7,0.65,NA,NA,NA,NA,1.32,IJ,NP,NA,NA,NA,NA,NA,NA
EMON,6551,N,F,XIMENA,N,1200,1993-05-18,5,NA,CB,Duke Lemur Center,1,127,1993-01-11,1,5724,ELENA,EMON,1982-10-01,10.29,5722,Sancho,EMON,1982-10-01,10.29,1995-09-14,2.33,NA,NA,2.33,NA,NA,65,1993-05-19,5,1,0.14,0.03,0,0,NA,NA,NA,848,1.76,IJ,NP,NA,NA,NA,NA,NA,NA
EMON,6552,N,F,GORDA,N,20,1971-05-04,5,NA,CB,Philadelphia Zoo,NA,127,1970-12-28,12,oi_100071,NA,NA,NA,NA,oi_100075,NA,NA,NA,NA,1997-12-05,26.61,NA,NA,26.61,NA,NA,1590,1991-04-16,4,7287,1041,239.57,239,19.96,NA,NA,NA,2425,1.76,adult,NP,NA,NA,NA,NA,NA,NA
ERUB,6559,N,M,PAIUTE,N,61,1993-09-10,9,NA,CB,Duke Lemur Center,1,120,1993-05-13,5,6038,Dido II,ERUB,1984-10-01,8.62,6121,Mohawk,ERUB,1982-10-01,10.62,2010-04-29,16.64,NA,NA,16.64,NA,NA,83.5,1993-09-15,9,5,0.71,0.16,0,0.01,NA,NA,NA,6070,1.78,IJ,NP,NA,NA,NA,NA,NA,NA
LCAT,6571,N,M,KATINA-C,N,2466,1994-03-19,3,NA,CB,Duke Lemur Center,2,138,1993-11-01,11,6140,KATINA,LCAT,1987-03-19,6.63,NA,NA,NA,NA,NA,1994-03-25,0.02,NA,NA,0.02,NA,NA,97.4,1994-03-25,3,6,0.86,0.2,0,0.02,NA,NA,NA,0,1.32,IJ,NP,NA,NA,NA,NA,NA,NA
LCAT,6572,N,M,NIKANDROS,N,2467,1994-03-19,3,NA,CB,Duke Lemur Center,2,138,1993-11-01,11,6140,KATINA,LCAT,1987-03-19,6.63,NA,NA,NA,NA,NA,2008-10-23,14.61,NA,NA,14.61,NA,NA,540,1994-06-29,6,102,14.57,3.35,3,0.28,NA,NA,NA,5230,1.32,IJ,NP,NA,NA,NA,NA,NA,NA
LCAT,6574,N,M,CHAROPS,N,2473,1994-03-23,3,NA,CB,Duke Lemur Center,2,138,1993-11-05,11,5984,CLEIS,LCAT,1985-04-09,8.58,NA,NA,NA,NA,NA,2018-12-29,24.79,NA,NA,24.79,NA,NA,610,1994-07-13,7,112,16,3.68,3,0.31,NA,NA,NA,8935,1.32,IJ,NP,NA,NA,NA,NA,NA,NA
LCAT,6575,N,F,CHARISSA,N,2474,1994-03-23,3,NA,CB,Duke Lemur Center,2,138,1993-11-05,11,5984,CLEIS,LCAT,1985-04-09,8.58,NA,NA,NA,NA,NA,NA,NA,NA,14.59,14.59,1,NA,610,1994-07-13,7,112,16,3.68,3,0.31,NA,NA,NA,NA,1.32,IJ,NP,NA,NA,NA,NA,NA,NA
LCAT,6576,N,F,CASSANDRA,N,2475,1994-03-23,3,NA,CB,Duke Lemur Center,1,138,1993-11-05,11,6276,Dory,LCAT,1989-03-15,4.65,NA,NA,NA,NA,NA,NA,NA,NA,24.42,24.42,1,NA,751,1994-07-13,7,112,16,3.68,3,0.31,NA,NA,NA,NA,1.32,IJ,NP,NA,NA,NA,NA,NA,NA
LCAT,6578,N,F,PHILA II,N,2479,1994-03-25,3,NA,CB,Duke Lemur Center,1,138,1993-11-07,11,6280,NINNA,LCAT,1989-03-15,4.65,NA,NA,NA,NA,NA,NA,NA,NA,1.92,1.92,NA,NA,588,1994-07-12,7,109,15.57,3.58,3,0.3,NA,NA,NA,NA,1.32,IJ,NP,NA,NA,NA,NA,NA,NA
LCAT,6579,N,F,CALISTA,N,2480,1994-03-25,3,NA,CB,Duke Lemur Center,1,138,1993-11-07,11,5847,CORINNA,LCAT,1984-03-16,9.65,NA,NA,NA,NA,NA,NA,NA,NA,1.92,1.92,NA,NA,778,1994-07-12,7,109,15.57,3.58,3,0.3,NA,NA,NA,NA,1.32,IJ,NP,NA,NA,NA,NA,NA,NA
ERUB,6589,N,F,SEMINOLE-C,N,66,1994-04-20,4,NA,CB,Duke Lemur Center,1,120,1993-12-21,12,6122,SEMINOLE,ERUB,1982-10-01,11.23,6392,Navajo,ERUB,1988-10-01,5.22,1994-04-20,0,NA,NA,0,NA,NA,86.7,1994-04-20,4,0,0,0,0,0,NA,NA,NA,0,1.78,IJ,NP,NA,NA,NA,NA,NA,NA
LCAT,6594,N,M,DEMOCRITUS,N,2496,1994-05-04,5,NA,CB,Duke Lemur Center,1,138,1993-12-17,12,6159,CLEOMENIS,LCAT,1987-04-15,6.68,NA,NA,NA,NA,NA,NA,NA,NA,1.81,1.81,NA,NA,461,1994-07-13,7,70,10,2.3,2,0.19,NA,NA,NA,NA,1.32,IJ,NP,NA,NA,NA,NA,NA,NA
LCAT,6598,N,M,NANNO,N,2499,1994-05-10,5,NA,CB,Duke Lemur Center,1,138,1993-12-23,12,2543,LYSIS,LCAT,1976-03-29,17.75,NA,NA,NA,NA,NA,1999-10-14,5.43,NA,NA,5.43,NA,NA,361,1994-07-12,7,63,9,2.07,2,0.17,NA,NA,NA,1920,1.32,IJ,NP,NA,NA,NA,NA,NA,NA
ERUB,6603,N,F,WINNEBAGO,N,70,1994-06-03,6,NA,CB,Duke Lemur Center,1,120,1994-02-03,2,6038,Dido II,ERUB,1984-10-01,9.35,6121,Mohawk,ERUB,1982-10-01,11.35,2016-03-19,21.81,NA,NA,21.81,1,NA,150,1994-06-14,6,11,1.57,0.36,0,0.03,NA,NA,NA,7949,1.78,IJ,NP,NA,NA,NA,NA,NA,NA
EMON,6606,N,F,CECILIA,N,148,1994-06-15,6,NA,CB,Duke Lemur Center,1,127,1994-02-08,2,6396,ANITA,EMON,1988-05-19,5.73,4504,PIERROT,EMON,1976-05-15,17.75,NA,NA,NA,24.5,24.5,NA,NA,650,1994-11-30,11,168,24,5.52,5,0.46,NA,NA,NA,NA,1.76,IJ,NP,NA,NA,NA,NA,NA,NA
EMON,6609,N,F,ANN,N,120,1991-06-15,6,NA,CB,Philadelphia Zoo,NA,127,1991-02-08,2,oi_100074,NA,NA,NA,NA,oi_101359,NA,NA,NA,NA,NA,NA,NA,20.22,20.22,NA,NA,1720,1994-12-15,12,1279,182.71,42.05,42,3.5,NA,NA,NA,NA,1.76,young_adult,NP,NA,NA,NA,NA,NA,NA
LCAT,6616,N,M,CERCOPS,N,2545,1995-03-16,3,NA,CB,Duke Lemur Center,1,138,1994-10-29,10,6229,Chloris,LCAT,1988-04-17,6.54,MULT,NA,NA,NA,NA,2017-06-08,22.25,NA,NA,22.25,NA,NA,269,1995-04-19,4,34,4.86,1.12,1,0.09,NA,NA,NA,8086,1.32,IJ,NP,NA,NA,NA,NA,NA,NA
LCAT,6621,N,M,ZIPOETES,N,2553,1995-03-23,3,NA,CB,Duke Lemur Center,2,138,1994-11-05,11,6140,KATINA,LCAT,1987-03-19,7.64,MULT,NA,NA,NA,NA,1996-04-03,1.03,NA,NA,1.03,NA,NA,1220,1995-11-15,11,237,33.86,7.79,7,0.65,NA,NA,NA,140,1.32,IJ,NP,NA,NA,NA,NA,NA,NA
LCAT,6622,N,M,Teres,Y,2554,1995-03-23,3,NA,CB,Duke Lemur Center,1,138,1994-11-05,11,6276,Dory,LCAT,1989-03-15,5.65,MULT,NA,NA,NA,NA,NA,NA,23.89,NA,23.89,NA,NA,1560,1995-09-26,9,187,26.71,6.15,6,0.51,NA,NA,NA,NA,1.32,IJ,NP,NA,NA,NA,NA,NA,NA
LCAT,6623,N,F,ALEXANDRA,N,2556,1995-03-24,3,NA,CB,Duke Lemur Center,1,138,1994-11-06,11,6280,NINNA,LCAT,1989-03-15,5.65,MULT,NA,NA,NA,NA,NA,NA,NA,23.04,23.04,NA,NA,1280,1995-11-15,11,236,33.71,7.76,7,0.65,NA,NA,NA,NA,1.32,IJ,NP,NA,NA,NA,NA,NA,NA
ERUB,6629,N,F,Fox,N,75,1995-04-07,4,NA,CB,Duke Lemur Center,1,120,1994-12-08,12,6038,Dido II,ERUB,1984-10-01,10.19,6121,Mohawk,ERUB,1982-10-01,12.19,2015-06-16,20.21,NA,NA,20.21,1,NA,2560,1997-05-02,5,756,108,24.85,24,2.07,NA,NA,NA,6619,1.78,young_adult,P,120,1997-01-14,1997-05-14,12,0.1,1
EMON,6630,N,F,ROSALITA,N,154,1995-04-09,4,NA,CB,Duke Lemur Center,1,127,1994-12-03,12,6263,Moheli,EMON,1987-05-13,7.56,6226,JORGE,EMON,1988-04-15,6.64,2017-09-21,22.47,NA,NA,22.47,1,NA,748.4,1995-08-22,8,135,19.29,4.44,4,0.37,NA,NA,NA,8066,1.76,IJ,NP,NA,NA,NA,NA,NA,NA
LCAT,6642,N,F,AMAZONIA,N,2592,1995-05-12,5,NA,CB,Duke Lemur Center,1,138,1994-12-25,12,2543,LYSIS,LCAT,1976-03-29,18.75,MULT,NA,NA,NA,NA,NA,NA,NA,0.79,0.79,NA,NA,650,1995-09-27,9,138,19.71,4.54,4,0.38,NA,NA,NA,NA,1.32,IJ,NP,NA,NA,NA,NA,NA,NA
EMON,6644,N,M,JOSE-LUIS,N,156,1995-05-19,5,NA,CB,Duke Lemur Center,1,127,1995-01-12,1,6396,ANITA,EMON,1988-05-19,6.65,4504,PIERROT,EMON,1976-05-15,18.67,NA,NA,NA,18.73,18.73,NA,NA,200,1995-06-20,6,32,4.57,1.05,1,0.09,NA,NA,NA,NA,1.76,IJ,NP,NA,NA,NA,NA,NA,NA
EMON,6645,N,F,Guadalupe,N,157,1995-05-26,5,NA,CB,Duke Lemur Center,1,127,1995-01-19,1,5952,CONCEPCION,EMON,1984-10-15,10.27,6344,Julio,EMON,1990-03-19,4.84,2014-11-26,19.52,NA,NA,19.52,NA,NA,150,1995-07-13,7,48,6.86,1.58,1,0.13,NA,NA,NA,7076,1.76,IJ,NP,NA,NA,NA,NA,NA,NA
LCAT,6647,N,M,VALGIUS,N,2595,1995-06-04,6,NA,CB,Duke Lemur Center,2,138,1995-01-17,1,5984,CLEIS,LCAT,1985-04-09,9.78,MULT,NA,NA,NA,NA,NA,NA,NA,23.42,23.42,NA,NA,470,1995-09-26,9,114,16.29,3.75,3,0.31,NA,NA,NA,NA,1.32,IJ,NP,NA,NA,NA,NA,NA,NA
LCAT,6648,N,F,STEPHANUS,N,2596,1995-06-04,6,NA,CB,Duke Lemur Center,2,138,1995-01-17,1,5984,CLEIS,LCAT,1985-04-09,9.78,MULT,NA,NA,NA,NA,1997-04-17,1.87,NA,NA,1.87,NA,NA,450,1995-09-26,9,114,16.29,3.75,3,0.31,NA,NA,NA,569,1.32,IJ,NP,NA,NA,NA,NA,NA,NA
LCAT,6656,N,F,ANACTORIA II,N,2667,1996-03-14,3,NA,CB,Duke Lemur Center,1,138,1995-10-28,10,6533,THYREA,LCAT,1993-03-21,2.61,NA,NA,NA,NA,NA,NA,NA,NA,22.73,22.73,NA,NA,1230,1996-09-11,9,181,25.86,5.95,5,0.5,NA,NA,NA,NA,1.32,IJ,NP,NA,NA,NA,NA,NA,NA
LCAT,6659,N,M,PHOTIUS,N,2669,1996-03-17,3,NA,CB,Duke Lemur Center,1,138,1995-10-31,10,6229,Chloris,LCAT,1988-04-17,7.54,NA,NA,NA,NA,NA,2003-09-01,7.46,NA,NA,7.46,NA,NA,86,1996-03-20,3,3,0.43,0.1,0,0.01,NA,NA,NA,2721,1.32,IJ,NP,NA,NA,NA,NA,NA,NA
ERUB,6662,N,M,Seminole-E,N,82,1996-03-21,3,NA,CB,Duke Lemur Center,1,120,1995-11-22,11,6122,SEMINOLE,ERUB,1982-10-01,13.15,6392,Navajo,ERUB,1988-10-01,7.15,1996-04-06,0.04,NA,NA,0.04,NA,NA,92,1996-03-21,3,0,0,0,0,0,NA,NA,NA,16,1.78,IJ,NP,NA,NA,NA,NA,NA,NA
LCAT,6664,N,M,RAMPHIAS,N,2687,1996-03-26,3,NA,CB,Duke Lemur Center,1,138,1995-11-09,11,6140,KATINA,LCAT,1987-03-19,8.65,MULT,NA,NA,NA,NA,NA,NA,NA,5.85,5.85,NA,NA,1000,1996-09-10,9,168,24,5.52,5,0.46,NA,NA,NA,NA,1.32,IJ,NP,NA,NA,NA,NA,NA,NA
LCAT,6665,N,M,PANTORES II,N,2688,1996-03-26,3,NA,CB,Duke Lemur Center,1,138,1995-11-09,11,5847,CORINNA,LCAT,1984-03-16,11.66,MULT,NA,NA,NA,NA,2006-11-13,10.64,NA,NA,10.64,NA,NA,1030,1996-09-10,9,168,24,5.52,5,0.46,NA,NA,NA,3716,1.32,IJ,NP,NA,NA,NA,NA,NA,NA
EMON,6675,N,M,FELIX,N,1204,1996-04-16,4,NA,CB,Duke Lemur Center,1,127,1995-12-11,12,6263,Moheli,EMON,1987-05-13,8.59,5955,FIDEL,EMON,1985-01-13,10.92,NA,NA,NA,22.73,22.73,NA,NA,1200,1997-04-14,4,363,51.86,11.93,11,0.99,NA,NA,NA,NA,1.76,IJ,NP,NA,NA,NA,NA,NA,NA
EMON,6676,N,M,Felipe,N,1205,1996-04-22,4,NA,CB,Duke Lemur Center,1,127,1995-12-17,12,5952,CONCEPCION,EMON,1984-10-15,11.18,6344,Julio,EMON,1990-03-19,5.75,NA,NA,NA,22.65,22.65,2,NA,78,1996-05-02,5,10,1.43,0.33,0,0.03,NA,NA,NA,NA,1.76,IJ,NP,NA,NA,NA,NA,NA,NA
EMON,6686,N,F,PHILENA,N,1207,1996-05-17,5,NA,CB,Duke Lemur Center,1,127,1996-01-11,1,6396,ANITA,EMON,1988-05-19,7.65,4504,PIERROT,EMON,1976-05-15,19.67,2013-01-10,16.66,NA,NA,16.66,1,NA,1050,1997-02-05,2,264,37.71,8.68,8,0.72,NA,NA,NA,5818,1.76,IJ,NP,NA,NA,NA,NA,NA,NA
LCAT,6687,N,F,CLEOBULUS,N,2711,1996-05-26,5,NA,CB,Duke Lemur Center,1,138,1996-01-09,1,6280,NINNA,LCAT,1989-03-15,6.82,MULT,NA,NA,NA,NA,1997-08-15,1.22,NA,NA,1.22,NA,NA,750,1996-09-10,9,107,15.29,3.52,3,0.29,NA,NA,NA,339,1.32,IJ,NP,NA,NA,NA,NA,NA,NA
LCAT,6688,N,M,THRASON,N,2712,1996-05-29,5,NA,CB,Duke Lemur Center,1,138,1996-01-12,1,6159,CLEOMENIS,LCAT,1987-04-15,8.75,NA,NA,NA,NA,NA,2002-09-13,6.3,NA,NA,6.3,2,NA,580,1996-09-11,9,105,15,3.45,3,0.29,NA,NA,NA,2193,1.32,IJ,NP,NA,NA,NA,NA,NA,NA
EMON,6700,N,F,Adrianna,N,1217,1997-03-21,3,NA,CB,Duke Lemur Center,1,127,1996-11-14,11,6102,Flor,EMON,1986-05-20,10.5,6237,FABIO,EMON,1988-04-23,8.57,NA,NA,NA,16.89,16.89,NA,NA,54,1997-03-21,3,0,0,0,0,0,NA,NA,NA,NA,1.76,IJ,NP,NA,NA,NA,NA,NA,NA
LCAT,6704,N,F,ANDROMEDA,N,2776,1997-04-09,4,NA,CB,Duke Lemur Center,2,138,1996-11-22,11,6140,KATINA,LCAT,1987-03-19,9.69,MULT,NA,NA,NA,NA,2015-01-05,17.75,NA,NA,17.75,NA,NA,184,1997-05-09,5,30,4.29,0.99,0,0.08,NA,NA,NA,6450,1.32,IJ,NP,NA,NA,NA,NA,NA,NA
LCAT,6705,N,M,ODYSSEUS,N,2777,1997-04-09,4,NA,CB,Duke Lemur Center,2,138,1996-11-22,11,6140,KATINA,LCAT,1987-03-19,9.69,MULT,NA,NA,NA,NA,2015-12-21,18.71,NA,NA,18.71,NA,NA,183,1997-05-09,5,30,4.29,0.99,0,0.08,NA,NA,NA,6800,1.32,IJ,NP,NA,NA,NA,NA,NA,NA
LCAT,6706,N,M,PHARAX II,N,2778,1997-04-09,4,NA,CB,Duke Lemur Center,2,138,1996-11-22,11,6280,NINNA,LCAT,1989-03-15,7.7,MULT,NA,NA,NA,NA,NA,NA,NA,21.58,21.58,NA,NA,200,1997-05-09,5,30,4.29,0.99,0,0.08,NA,NA,NA,NA,1.32,IJ,NP,NA,NA,NA,NA,NA,NA
LCAT,6707,N,F,ERETRIA,N,2779,1997-04-09,4,NA,CB,Duke Lemur Center,2,138,1996-11-22,11,6280,NINNA,LCAT,1989-03-15,7.7,MULT,NA,NA,NA,NA,1997-07-18,0.27,NA,NA,0.27,NA,NA,226,1997-05-09,5,30,4.29,0.99,0,0.08,NA,NA,NA,70,1.32,IJ,NP,NA,NA,NA,NA,NA,NA
LCAT,6708,N,F,CLEANDER,N,2783,1997-04-11,4,NA,CB,Duke Lemur Center,1,138,1996-11-24,11,5847,CORINNA,LCAT,1984-03-16,12.7,MULT,NA,NA,NA,NA,2010-07-02,13.23,NA,NA,13.23,NA,NA,215,1997-05-09,5,28,4,0.92,0,0.08,NA,NA,NA,4802,1.32,IJ,NP,NA,NA,NA,NA,NA,NA
LCAT,6709,N,F,APOLLONUS,N,2784,1997-04-11,4,NA,CB,Duke Lemur Center,1,138,1996-11-24,11,6159,CLEOMENIS,LCAT,1987-04-15,9.62,MULT,NA,NA,NA,NA,NA,NA,NA,21.44,21.44,3,NA,228,1997-05-13,5,32,4.57,1.05,1,0.09,NA,NA,NA,NA,1.32,IJ,NP,NA,NA,NA,NA,NA,NA
LCAT,6710,N,M,SATYRUS II,N,2785,1997-04-11,4,NA,CB,Duke Lemur Center,1,138,1996-11-24,11,6576,CASSANDRA,LCAT,1994-03-23,2.68,MULT,NA,NA,NA,NA,NA,NA,NA,15.59,15.59,NA,NA,1020,1997-10-22,10,194,27.71,6.38,6,0.53,NA,NA,NA,NA,1.32,IJ,NP,NA,NA,NA,NA,NA,NA
LCAT,6711,N,F,Sosiphanes,Y,2787,1997-04-13,4,NA,CB,Duke Lemur Center,1,138,1996-11-26,11,5984,CLEIS,LCAT,1985-04-09,11.64,MULT,NA,NA,NA,NA,NA,NA,21.83,NA,21.83,4,NA,222,1997-05-13,5,30,4.29,0.99,0,0.08,NA,NA,NA,NA,1.32,IJ,NP,NA,NA,NA,NA,NA,NA
EMON,6713,N,M,MERCEDES,N,1218,1997-04-18,4,NA,CB,Duke Lemur Center,1,127,1996-12-12,12,6263,Moheli,EMON,1987-05-13,9.59,5955,FIDEL,EMON,1985-01-13,11.92,NA,NA,NA,21.73,21.73,NA,NA,360,1997-06-30,6,73,10.43,2.4,2,0.2,NA,NA,NA,NA,1.76,IJ,NP,NA,NA,NA,NA,NA,NA
ERUB,6714,N,M,SEMINOLE-F,N,98,1997-05-02,5,NA,CB,Duke Lemur Center,1,120,1997-01-02,1,6122,SEMINOLE,ERUB,1982-10-01,14.27,6392,Navajo,ERUB,1988-10-01,8.26,1997-05-02,0,NA,NA,0,NA,NA,87,1997-05-02,5,0,0,0,0,0,NA,NA,NA,0,1.78,IJ,NP,NA,NA,NA,NA,NA,NA
ERUB,6715,N,M,CREE,N,100,1997-05-14,5,NA,CB,Duke Lemur Center,1,120,1997-01-14,1,6629,Fox,ERUB,1995-04-07,1.78,6121,Mohawk,ERUB,1982-10-01,14.3,1997-08-28,0.29,NA,NA,0.29,NA,NA,118,1997-06-03,6,20,2.86,0.66,0,0.05,NA,NA,NA,86,1.78,IJ,NP,NA,NA,NA,NA,NA,NA
EMON,6717,N,M,Paco,N,1219,1997-06-26,6,NA,CB,Duke Lemur Center,1,127,1997-02-19,2,5952,CONCEPCION,EMON,1984-10-15,12.36,6344,Julio,EMON,1990-03-19,6.93,2017-04-05,19.79,NA,NA,19.79,5,NA,250,1997-09-16,9,82,11.71,2.7,2,0.22,NA,NA,NA,7141,1.76,IJ,NP,NA,NA,NA,NA,NA,NA
EMON,6722,N,F,SELENA,N,1212,1997-06-11,6,NA,CB,Greensboro Science Center,NA,127,1997-02-04,2,6218,ANA,EMON,1988-04-02,8.85,6432,CHE,EMON,1991-05-04,5.76,NA,NA,NA,21,21,NA,NA,1580,2001-10-09,10,1581,225.86,51.98,51,4.33,NA,NA,NA,NA,1.76,adult,NP,NA,NA,NA,NA,NA,NA
LCAT,6760,N,M,Katina-E,N,2976,2000-03-17,3,NA,CB,Duke Lemur Center,2,138,1999-10-31,10,6140,KATINA,LCAT,1987-03-19,12.63,6435,GELON,LCAT,1991-05-13,8.47,2000-04-11,0.07,NA,NA,0.07,NA,NA,87,2000-03-20,3,3,0.43,0.1,0,0.01,NA,NA,NA,22,1.32,IJ,NP,NA,NA,NA,NA,NA,NA
LCAT,6761,N,F,Dorieus,N,2977,2000-03-17,3,NA,CB,Duke Lemur Center,2,138,1999-10-31,10,6140,KATINA,LCAT,1987-03-19,12.63,6435,GELON,LCAT,1991-05-13,8.47,2019-01-08,18.82,NA,NA,18.82,13,NA,84,2000-03-20,3,3,0.43,0.1,0,0.01,NA,NA,NA,6868,1.32,IJ,NP,NA,NA,NA,NA,NA,NA
LCAT,6763,N,F,PRIAM,N,2980,2000-03-22,3,NA,CB,Duke Lemur Center,1,138,1999-11-05,11,6280,NINNA,LCAT,1989-03-15,10.65,6435,GELON,LCAT,1991-05-13,8.49,2004-09-27,4.52,NA,NA,4.52,NA,NA,79,2000-03-23,3,1,0.14,0.03,0,0,NA,NA,NA,1649,1.32,IJ,NP,NA,NA,NA,NA,NA,NA
LCAT,6764,N,M,Myrto II,N,2989,2000-03-26,3,NA,CB,Duke Lemur Center,2,138,1999-11-09,11,5847,CORINNA,LCAT,1984-03-16,15.66,6435,GELON,LCAT,1991-05-13,8.5,2013-09-30,13.52,NA,NA,13.52,NA,NA,85,2000-03-27,3,1,0.14,0.03,0,0,NA,NA,NA,4935,1.32,IJ,NP,NA,NA,NA,NA,NA,NA
LCAT,6765,N,F,Charias,N,2990,2000-03-26,3,NA,CB,Duke Lemur Center,2,138,1999-11-09,11,5847,CORINNA,LCAT,1984-03-16,15.66,6435,GELON,LCAT,1991-05-13,8.5,2006-04-14,6.05,NA,NA,6.05,NA,NA,76,2000-03-27,3,1,0.14,0.03,0,0,NA,NA,NA,2209,1.32,IJ,NP,NA,NA,NA,NA,NA,NA
LCAT,6795,N,M,Cyrus,N,3125,2002-03-29,3,NA,CB,Duke Lemur Center,2,138,2001-11-11,11,6140,KATINA,LCAT,1987-03-19,14.66,6688,THRASON,LCAT,1996-05-29,5.46,NA,NA,NA,16.68,16.68,NA,NA,92,2002-04-01,4,3,0.43,0.1,0,0.01,NA,NA,NA,NA,1.32,IJ,NP,NA,NA,NA,NA,NA,NA
LCAT,6796,N,F,Artemesia,N,3126,2002-03-29,3,NA,CB,Duke Lemur Center,2,138,2001-11-11,11,6140,KATINA,LCAT,1987-03-19,14.66,6688,THRASON,LCAT,1996-05-29,5.46,NA,NA,NA,16.57,16.57,2,NA,83,2002-04-01,4,3,0.43,0.1,0,0.01,NA,NA,NA,NA,1.32,IJ,NP,NA,NA,NA,NA,NA,NA
LCAT,6808,N,F,Molon,N,3228,2003-03-18,3,NA,CB,Duke Lemur Center,1,138,2002-10-31,10,6761,Dorieus,LCAT,2000-03-17,2.62,6322,HECTOR,LCAT,1989-06-07,13.41,2004-10-25,1.61,NA,NA,1.61,NA,NA,49,2003-03-18,3,0,0,0,0,0,NA,NA,NA,587,1.32,IJ,NP,NA,NA,NA,NA,NA,NA
LCAT,6811,N,M,Demonax,N,3243,2003-04-15,4,NA,CB,Duke Lemur Center,2,138,2002-11-28,11,6140,KATINA,LCAT,1987-03-19,15.71,6322,HECTOR,LCAT,1989-06-07,13.48,NA,NA,NA,15.73,15.73,NA,NA,83,2003-04-15,4,0,0,0,0,0,NA,NA,NA,NA,1.32,IJ,NP,NA,NA,NA,NA,NA,NA
LCAT,6812,N,M,Magnes,N,3244,2003-04-15,4,NA,CB,Duke Lemur Center,2,138,2002-11-28,11,6140,KATINA,LCAT,1987-03-19,15.71,6322,HECTOR,LCAT,1989-06-07,13.48,2007-07-28,4.29,NA,NA,4.29,NA,NA,90,2003-04-15,4,0,0,0,0,0,NA,NA,NA,1565,1.32,IJ,NP,NA,NA,NA,NA,NA,NA
LCAT,6830,N,F,Nicaea,N,3274,2004-03-18,3,NA,CB,Duke Lemur Center,2,138,2003-11-01,11,6276,Dory,LCAT,1989-03-15,14.64,6440,Aracus,LCAT,1991-05-23,12.45,2011-12-22,7.77,NA,NA,7.77,NA,NA,54,2004-03-19,3,1,0.14,0.03,0,0,NA,NA,NA,2834,1.32,IJ,NP,NA,NA,NA,NA,NA,NA
LCAT,6831,N,F,Tellus,Y,3275,2004-03-18,3,NA,CB,Duke Lemur Center,2,138,2003-11-01,11,6276,Dory,LCAT,1989-03-15,14.64,6440,Aracus,LCAT,1991-05-23,12.45,NA,NA,14.9,NA,14.9,NA,NA,56,2004-03-19,3,1,0.14,0.03,0,0,NA,NA,NA,NA,1.32,IJ,NP,NA,NA,NA,NA,NA,NA
LCAT,6832,N,F,Nebuchadrezzer,N,3278,2004-03-26,3,NA,CB,Duke Lemur Center,1,138,2003-11-09,11,6140,KATINA,LCAT,1987-03-19,16.65,6322,HECTOR,LCAT,1989-06-07,14.43,NA,NA,NA,14.73,14.73,1,NA,89,2004-03-26,3,0,0,0,0,0,NA,NA,NA,NA,1.32,IJ,NP,NA,NA,NA,NA,NA,NA
LCAT,6835,N,M,Berisades,Y,3280,2004-03-28,3,NA,CB,Duke Lemur Center,2,138,2003-11-11,11,6711,Sosiphanes,LCAT,1997-04-13,6.58,6440,Aracus,LCAT,1991-05-23,12.48,NA,NA,14.87,NA,14.87,NA,NA,64,2004-03-29,3,1,0.14,0.03,0,0,NA,NA,NA,NA,1.32,IJ,NP,NA,NA,NA,NA,NA,NA
LCAT,6836,N,M,Dorieus-A,N,3284,2004-04-05,4,NA,CB,Duke Lemur Center,1,138,2003-11-19,11,6761,Dorieus,LCAT,2000-03-17,3.68,6322,HECTOR,LCAT,1989-06-07,14.46,2004-04-13,0.02,NA,NA,0.02,NA,NA,51,2004-04-06,4,1,0.14,0.03,0,0,NA,NA,NA,7,1.32,IJ,NP,NA,NA,NA,NA,NA,NA
LCAT,6837,N,M,Ivy,N,3288,2004-05-04,5,NA,CB,Duke Lemur Center,1,138,2003-12-18,12,5984,CLEIS,LCAT,1985-04-09,18.7,6440,Aracus,LCAT,1991-05-23,12.58,NA,NA,NA,14.45,14.45,NA,NA,72,2004-05-04,5,0,0,0,0,0,NA,NA,NA,NA,1.32,IJ,NP,NA,NA,NA,NA,NA,NA
LCAT,6846,N,M,Freddie,N,2119,1990-04-29,4,NA,CB,AlphaGenesis (Lab Animal Breeders Svc),NA,138,1989-12-12,12,oi_T-2905,NA,NA,NA,NA,oi_UNK,NA,NA,NA,NA,2005-09-29,15.43,NA,NA,15.43,NA,NA,2115,2005-02-15,2,5406,772.29,177.73,177,14.81,NA,NA,NA,226,1.32,adult,NP,NA,NA,NA,NA,NA,NA
LCAT,6847,N,M,Chandler,N,2963,1999-07-23,7,NA,CB,St. Catherines Island/WCS (extinct Nov 2005),NA,138,1999-03-07,3,oi_894333,NA,NA,NA,NA,oi_UNK,NA,NA,NA,NA,NA,NA,NA,19.4,19.4,9,NA,2600,2005-02-15,2,2034,290.57,66.87,66,5.57,NA,NA,NA,NA,1.32,adult,NP,NA,NA,NA,NA,NA,NA
LCAT,6848,N,M,Cap N' Lee,N,2988,2000-03-25,3,NA,CB,St. Catherines Island/WCS (extinct Nov 2005),NA,138,1999-11-08,11,oi_944548,NA,NA,NA,NA,oi_914422,NA,NA,NA,NA,2011-10-07,11.54,NA,NA,11.54,NA,NA,2660,2005-02-15,2,1788,255.43,58.78,58,4.9,NA,NA,NA,2425,1.32,adult,NP,NA,NA,NA,NA,NA,NA
LCAT,6849,N,M,Fritz,Y,3143,2002-05-15,5,NA,CB,St. Catherines Island/WCS (extinct Nov 2005),NA,138,2001-12-28,12,oi_944553,NA,NA,NA,NA,oi_914422,NA,NA,NA,NA,NA,NA,16.74,NA,16.74,NA,NA,2025,2005-02-15,2,1007,143.86,33.11,33,2.76,NA,NA,NA,NA,1.32,adult,NP,NA,NA,NA,NA,NA,NA
LCAT,6854,N,F,Alena,Y,3328,2005-03-18,3,NA,CB,Duke Lemur Center,2,138,2004-10-31,10,6276,Dory,LCAT,1989-03-15,15.64,6440,Aracus,LCAT,1991-05-23,13.45,NA,NA,13.9,NA,13.9,NA,NA,67,2005-03-18,3,0,0,0,0,0,NA,NA,NA,NA,1.32,IJ,NP,NA,NA,NA,NA,NA,NA
LCAT,6855,N,M,Alexander,N,3329,2005-03-18,3,NA,CB,Duke Lemur Center,2,138,2004-10-31,10,6276,Dory,LCAT,1989-03-15,15.64,6440,Aracus,LCAT,1991-05-23,13.45,NA,NA,NA,13.76,13.76,2,NA,59,2005-03-18,3,0,0,0,0,0,NA,NA,NA,NA,1.32,IJ,NP,NA,NA,NA,NA,NA,NA
LCAT,6856,N,F,Justine,Y,3337,2005-03-22,3,NA,CB,Duke Lemur Center,1,138,2004-11-04,11,6761,Dorieus,LCAT,2000-03-17,4.64,6268,BRENNUS,LCAT,1989-03-08,15.67,NA,NA,13.89,NA,13.89,4,NA,109,2005-04-04,4,13,1.86,0.43,0,0.04,NA,NA,NA,NA,1.32,IJ,NP,NA,NA,NA,NA,NA,NA
LCAT,6857,N,F,Lilah,Y,3341,2005-03-28,3,NA,CB,Duke Lemur Center,1,138,2004-11-10,11,6711,Sosiphanes,LCAT,1997-04-13,7.58,6440,Aracus,LCAT,1991-05-23,13.48,NA,NA,13.87,NA,13.87,NA,NA,83,2005-03-30,3,2,0.29,0.07,0,0.01,NA,NA,NA,NA,1.32,IJ,NP,NA,NA,NA,NA,NA,NA
LCAT,6861,N,F,Persephone,Y,3346,2005-04-25,4,NA,CB,Duke Lemur Center,1,138,2004-12-08,12,5984,CLEIS,LCAT,1985-04-09,19.68,6440,Aracus,LCAT,1991-05-23,13.56,NA,NA,13.79,NA,13.79,NA,NA,78,2005-04-25,4,0,0,0,0,0,NA,NA,NA,NA,1.32,IJ,NP,NA,NA,NA,NA,NA,NA
LCAT,6862,N,M,Tugger,N,1190,1983-05-16,5,NA,CB,Birmingham Zoo,NA,138,1982-12-29,12,oi_319,NA,NA,NA,NA,oi_904,NA,NA,NA,NA,2016-01-29,32.73,NA,NA,32.73,17,NA,2200,2005-06-10,6,8061,1151.57,265.02,265,22.08,NA,NA,NA,3885,1.32,adult,NP,NA,NA,NA,NA,NA,NA
LCAT,6863,N,F,Sprite,Y,3064,2001-03-17,3,NA,CB,Sedgwick County Zoo,NA,138,2000-10-30,10,oi_6091,NA,NA,NA,NA,oi_8734,NA,NA,NA,NA,NA,NA,17.9,NA,17.9,13,NA,3060,2005-06-10,6,1546,220.86,50.83,50,4.24,NA,NA,NA,NA,1.32,adult,NP,NA,NA,NA,NA,NA,NA
LCAT,6864,N,F,Sophia,Y,3350,2005-06-18,6,NA,CB,Duke Lemur Center,1,138,2005-01-31,1,6796,Artemesia,LCAT,2002-03-29,2.85,6268,BRENNUS,LCAT,1989-03-08,15.91,NA,NA,13.65,NA,13.65,5,NA,62,2005-06-20,6,2,0.29,0.07,0,0.01,NA,NA,NA,NA,1.32,IJ,NP,NA,NA,NA,NA,NA,NA
LCAT,6865,N,F,Nike,N,3351,2005-06-22,6,NA,CB,Duke Lemur Center,1,138,2005-02-04,2,6709,APOLLONUS,LCAT,1997-04-11,7.82,6485,PHILOCLES,LCAT,1992-04-06,12.84,2007-06-16,1.98,NA,NA,1.98,NA,NA,69,2005-06-23,6,1,0.14,0.03,0,0,NA,NA,NA,723,1.32,IJ,NP,NA,NA,NA,NA,NA,NA
LCAT,6876,N,F,Ginger,N,3408,2006-04-08,4,NA,CB,Duke Lemur Center,1,138,2005-11-21,11,6863,Sprite,LCAT,2001-03-17,4.68,6862,Tugger,LCAT,1983-05-16,22.53,NA,NA,NA,7.47,7.47,3,NA,74,2006-04-10,4,2,0.29,0.07,0,0.01,NA,NA,NA,NA,1.32,IJ,NP,NA,NA,NA,NA,NA,NA
LCAT,6877,N,M,Herodotus,N,3409,2006-04-19,4,NA,CB,Duke Lemur Center,1,138,2005-12-02,12,6832,Nebuchadrezzer,LCAT,2004-03-26,1.69,6847,Chandler,LCAT,1999-07-23,6.37,NA,NA,NA,12.65,12.65,NA,NA,75,2006-04-20,4,1,0.14,0.03,0,0,NA,NA,NA,NA,1.32,IJ,NP,NA,NA,NA,NA,NA,NA
LCAT,6878,N,F,Gongyla,N,3210,2006-04-22,4,NA,CB,Duke Lemur Center,1,138,2005-12-05,12,6796,Artemesia,LCAT,2002-03-29,3.69,6847,Chandler,LCAT,1999-07-23,6.38,NA,NA,NA,12.61,12.61,NA,NA,82,2006-04-26,4,4,0.57,0.13,0,0.01,NA,NA,NA,NA,1.32,IJ,NP,NA,NA,NA,NA,NA,NA
LCAT,6879,N,F,Anaxo,N,3411,2006-05-19,5,NA,CB,Duke Lemur Center,2,138,2006-01-01,1,6761,Dorieus,LCAT,2000-03-17,5.8,6847,Chandler,LCAT,1999-07-23,6.45,2006-05-31,0.03,NA,NA,0.03,NA,NA,42,2006-05-19,5,0,0,0,0,0,NA,NA,NA,12,1.32,IJ,NP,NA,NA,NA,NA,NA,NA
LCAT,6880,N,M,Cebes,N,3412,2006-05-19,5,NA,CB,Duke Lemur Center,2,138,2006-01-01,1,6761,Dorieus,LCAT,2000-03-17,5.8,6847,Chandler,LCAT,1999-07-23,6.45,NA,NA,NA,12.57,12.57,NA,NA,52,2006-05-19,5,0,0,0,0,0,NA,NA,NA,NA,1.32,IJ,NP,NA,NA,NA,NA,NA,NA
LCAT,6886,N,F,Fanta,N,3444,2007-03-23,3,NA,CB,Duke Lemur Center,2,138,2006-11-05,11,6863,Sprite,LCAT,2001-03-17,5.64,6862,Tugger,LCAT,1983-05-16,23.49,NA,NA,NA,11.77,11.77,NA,NA,60,2007-03-23,3,0,0,0,0,0,NA,NA,NA,NA,1.32,IJ,NP,NA,NA,NA,NA,NA,NA
LCAT,6887,N,F,Fresca,N,3445,2007-03-23,3,NA,CB,Duke Lemur Center,2,138,2006-11-05,11,6863,Sprite,LCAT,2001-03-17,5.64,6862,Tugger,LCAT,1983-05-16,23.49,NA,NA,NA,11.62,11.62,NA,NA,57,2007-03-23,3,0,0,0,0,0,NA,NA,NA,NA,1.32,IJ,NP,NA,NA,NA,NA,NA,NA
LCAT,6892,N,F,Fern,N,3448,2007-04-25,4,NA,CB,Duke Lemur Center,1,138,2006-12-08,12,5984,CLEIS,LCAT,1985-04-09,21.68,6855,Alexander,LCAT,2005-03-18,1.73,NA,NA,NA,11.65,11.65,NA,NA,70,2007-04-25,4,0,0,0,0,0,NA,NA,NA,NA,1.32,IJ,NP,NA,NA,NA,NA,NA,NA
LCAT,6893,N,F,Echo,N,3474,2007-04-29,4,NA,CB,Duke Lemur Center,1,138,2006-12-12,12,6711,Sosiphanes,LCAT,1997-04-13,9.67,6855,Alexander,LCAT,2005-03-18,1.74,2008-02-11,0.79,NA,NA,0.79,NA,NA,80,2007-04-30,4,1,0.14,0.03,0,0,NA,NA,NA,287,1.32,IJ,NP,NA,NA,NA,NA,NA,NA
LCAT,6894,N,M,Agathon,N,3473,2007-05-30,5,NA,CB,Duke Lemur Center,1,138,2007-01-12,1,6229,Chloris,LCAT,1988-04-17,18.75,6143,NEMO,LCAT,1987-03-23,19.82,NA,NA,NA,11.44,11.44,NA,NA,37,2007-05-30,5,0,0,0,0,0,NA,NA,NA,NA,1.32,IJ,NP,NA,NA,NA,NA,NA,NA
EMON,6907,N,F,Maddie,Y,1261,2006-06-02,6,NA,CB,Potter Park Zoological Gardens,NA,127,2006-01-26,1,6686,PHILENA,EMON,1996-05-17,9.7,6425,ALEJANDRO,EMON,1991-04-15,14.79,NA,NA,12.69,NA,12.69,5,NA,1230,2008-04-21,4,689,98.43,22.65,22,1.89,NA,NA,NA,NA,1.76,young_adult,NP,NA,NA,NA,NA,NA,NA
LCAT,6909,N,F,Sierra Mist,Y,3617,2008-05-01,5,NA,CB,Duke Lemur Center,2,138,2007-12-15,12,6863,Sprite,LCAT,2001-03-17,6.75,6862,Tugger,LCAT,1983-05-16,24.6,NA,NA,10.78,NA,10.78,NA,NA,63,2008-05-01,5,0,0,0,0,0,NA,NA,NA,NA,1.32,IJ,NP,NA,NA,NA,NA,NA,NA
LCAT,6910,N,F,Shasta,N,3618,2008-05-01,5,NA,CB,Duke Lemur Center,2,138,2007-12-15,12,6863,Sprite,LCAT,2001-03-17,6.75,6862,Tugger,LCAT,1983-05-16,24.6,NA,NA,NA,10.67,10.67,NA,NA,66,2008-05-01,5,0,0,0,0,0,NA,NA,NA,NA,1.32,IJ,NP,NA,NA,NA,NA,NA,NA
LCAT,6936,N,F,Hibernia,Y,3619,2009-03-17,3,NA,CB,Duke Lemur Center,2,138,2008-10-30,10,6761,Dorieus,LCAT,2000-03-17,8.63,6847,Chandler,LCAT,1999-07-23,9.28,NA,NA,9.9,NA,9.9,2,NA,40,2009-03-17,3,0,0,0,0,0,NA,NA,NA,NA,1.32,IJ,NP,NA,NA,NA,NA,NA,NA
LCAT,6937,N,M,Limerick,N,3620,2009-03-17,3,NA,CB,Duke Lemur Center,2,138,2008-10-30,10,6761,Dorieus,LCAT,2000-03-17,8.63,6847,Chandler,LCAT,1999-07-23,9.28,NA,NA,NA,9.74,9.74,NA,NA,47,2009-03-17,3,0,0,0,0,0,NA,NA,NA,NA,1.32,IJ,NP,NA,NA,NA,NA,NA,NA
LCAT,6938,N,F,Sophia-A,N,3621,2009-03-21,3,NA,CB,Duke Lemur Center,1,138,2008-11-03,11,6864,Sophia,LCAT,2005-06-18,3.38,6847,Chandler,LCAT,1999-07-23,9.29,2009-04-10,0.05,NA,NA,0.05,NA,NA,64,2009-03-21,3,0,0,0,0,0,NA,NA,NA,20,1.32,IJ,NP,NA,NA,NA,NA,NA,NA
LCAT,6953,N,M,Leto,N,3622,2009-07-08,7,NA,CB,Duke Lemur Center,2,138,2009-02-20,2,6229,Chloris,LCAT,1988-04-17,20.86,6862,Tugger,LCAT,1983-05-16,25.79,2009-08-12,0.1,NA,NA,0.1,NA,NA,37,2009-07-08,7,0,0,0,0,0,NA,NA,NA,35,1.32,IJ,NP,NA,NA,NA,NA,NA,NA
LCAT,6954,N,M,Alastor,N,3623,2009-07-08,7,NA,CB,Duke Lemur Center,2,138,2009-02-20,2,6229,Chloris,LCAT,1988-04-17,20.86,6862,Tugger,LCAT,1983-05-16,25.79,NA,NA,NA,9.5,9.5,NA,NA,35,2009-07-08,7,0,0,0,0,0,NA,NA,NA,NA,1.32,IJ,NP,NA,NA,NA,NA,NA,NA
LCAT,6955,N,M,Randy,Y,3377,2006-03-12,3,NA,CB,Saint Louis Zoological Park,NA,138,2005-10-25,10,oi_104234,NA,NA,NA,NA,oi_100955,NA,NA,NA,NA,NA,NA,12.92,NA,12.92,15,NA,2890,2009-07-16,7,1222,174.57,40.18,40,3.35,NA,NA,NA,NA,1.32,adult,NP,NA,NA,NA,NA,NA,NA
LCAT,6956,N,F,Shroeder,Y,2258,1992-03-22,3,NA,CB,Knoxville Zoological Gardens,NA,138,1991-11-05,11,oi_1262,NA,NA,NA,NA,oi_1178,NA,NA,NA,NA,NA,NA,26.9,NA,26.9,2,NA,2570,2009-07-17,7,6326,903.71,207.98,207,17.33,NA,NA,NA,NA,1.32,adult,NP,NA,NA,NA,NA,NA,NA
LCAT,6957,N,F,Liesl,Y,3624,2008-07-15,7,NA,CB,The Zoo at Chehaw,NA,138,2008-02-28,2,6956,Shroeder,LCAT,1992-03-22,15.95,oi_M04006,NA,NA,NA,NA,NA,NA,10.57,NA,10.57,7,NA,1560,2009-07-17,7,367,52.43,12.07,12,1.01,NA,NA,NA,NA,1.32,IJ,NP,NA,NA,NA,NA,NA,NA
LCAT,6967,N,F,Capri Sun,N,3637,2010-03-20,3,NA,CB,Duke Lemur Center,2,138,2009-11-02,11,6863,Sprite,LCAT,2001-03-17,8.64,6955,Randy,LCAT,2006-03-12,3.65,NA,NA,NA,8.02,8.02,NA,NA,68,2010-03-22,3,2,0.29,0.07,0,0.01,NA,NA,NA,NA,1.32,IJ,NP,NA,NA,NA,NA,NA,NA
LCAT,6968,N,F,Crystal Light,N,3638,2010-03-20,3,NA,CB,Duke Lemur Center,2,138,2009-11-02,11,6863,Sprite,LCAT,2001-03-17,8.64,6955,Randy,LCAT,2006-03-12,3.65,NA,NA,NA,8.02,8.02,NA,NA,65,2010-03-22,3,2,0.29,0.07,0,0.01,NA,NA,NA,NA,1.32,IJ,NP,NA,NA,NA,NA,NA,NA
LCAT,6971,N,F,Edelweiss,N,3639,2010-03-25,3,NA,CB,Duke Lemur Center,1,138,2009-11-07,11,6957,Liesl,LCAT,2008-07-15,1.32,6440,Aracus,LCAT,1991-05-23,18.47,NA,NA,NA,8.78,8.78,NA,NA,70,2010-03-30,3,5,0.71,0.16,0,0.01,NA,NA,NA,NA,1.32,IJ,NP,NA,NA,NA,NA,NA,NA
EMON,6972,N,F,Carolina,Y,1267,2010-04-03,4,NA,CB,Duke Lemur Center,1,127,2009-11-27,11,6907,Maddie,EMON,2006-06-02,3.49,6390,Pedro,EMON,1990-06-17,19.46,NA,NA,8.85,NA,8.85,5,NA,58,2010-04-04,4,1,0.14,0.03,0,0,NA,NA,NA,NA,1.76,IJ,NP,NA,NA,NA,NA,NA,NA
LCAT,6973,N,M,Schweppes,N,3640,2010-04-26,4,NA,CB,Duke Lemur Center,1,138,2009-12-09,12,6876,Ginger,LCAT,2006-04-08,3.67,6955,Randy,LCAT,2006-03-12,3.75,NA,NA,NA,8.69,8.69,NA,NA,71,2010-04-26,4,0,0,0,0,0,NA,NA,NA,NA,1.32,IJ,NP,NA,NA,NA,NA,NA,NA
LCAT,6974,N,M,Johan,N,3711,2010-05-03,5,NA,CB,Duke Lemur Center,1,138,2009-12-16,12,6956,Shroeder,LCAT,1992-03-22,17.75,6440,Aracus,LCAT,1991-05-23,18.58,NA,NA,NA,8.67,8.67,NA,NA,73,2010-05-03,5,0,0,0,0,0,NA,NA,NA,NA,1.32,IJ,NP,NA,NA,NA,NA,NA,NA
LCAT,6988,N,F,Sobe,N,3731,2011-03-13,3,NA,CB,Duke Lemur Center,2,138,2010-10-26,10,6863,Sprite,LCAT,2001-03-17,9.62,6955,Randy,LCAT,2006-03-12,4.63,NA,NA,NA,7.82,7.82,NA,NA,64,2011-03-13,3,0,0,0,0,0,NA,NA,NA,NA,1.32,IJ,NP,NA,NA,NA,NA,NA,NA
LCAT,6989,N,F,Sarsaparilla,N,3732,2011-03-13,3,NA,CB,Duke Lemur Center,2,138,2010-10-26,10,6863,Sprite,LCAT,2001-03-17,9.62,6955,Randy,LCAT,2006-03-12,4.63,NA,NA,NA,7.82,7.82,NA,NA,64,2011-03-13,3,0,0,0,0,0,NA,NA,NA,NA,1.32,IJ,NP,NA,NA,NA,NA,NA,NA
LCAT,6990,N,F,Canada Dry,N,3733,2011-03-26,3,NA,CB,Duke Lemur Center,1,138,2010-11-08,11,6876,Ginger,LCAT,2006-04-08,4.59,6955,Randy,LCAT,2006-03-12,4.66,NA,NA,NA,2.5,2.5,NA,NA,74,2011-03-27,3,1,0.14,0.03,0,0,NA,NA,NA,NA,1.32,IJ,NP,NA,NA,NA,NA,NA,NA
EMON,6991,N,F,Olivia,N,1268,2011-04-11,4,NA,CB,Duke Lemur Center,1,127,2010-12-05,12,6263,Moheli,EMON,1987-05-13,23.58,6676,Felipe,EMON,1996-04-22,14.63,NA,NA,NA,7.66,7.66,NA,NA,77,2011-04-11,4,0,0,0,0,0,NA,NA,NA,NA,1.76,IJ,NP,NA,NA,NA,NA,NA,NA
LCAT,6996,N,F,Brigitta,Y,3766,2011-05-16,5,NA,CB,Duke Lemur Center,2,138,2010-12-29,12,6957,Liesl,LCAT,2008-07-15,2.46,6440,Aracus,LCAT,1991-05-23,19.62,NA,NA,7.73,NA,7.73,NA,NA,68,2011-05-16,5,0,0,0,0,0,NA,NA,NA,NA,1.32,IJ,NP,NA,NA,NA,NA,NA,NA
LCAT,6997,N,M,Rolfe,N,3767,2011-05-16,5,NA,CB,Duke Lemur Center,2,138,2010-12-29,12,6957,Liesl,LCAT,2008-07-15,2.46,6440,Aracus,LCAT,1991-05-23,19.62,NA,NA,NA,7.64,7.64,NA,NA,73,2011-05-16,5,0,0,0,0,0,NA,NA,NA,NA,1.32,IJ,NP,NA,NA,NA,NA,NA,NA
LCAT,7084,N,M,Jones,Y,3825,2012-03-17,3,NA,CB,Duke Lemur Center,2,138,2011-10-31,10,6863,Sprite,LCAT,2001-03-17,10.63,6955,Randy,LCAT,2006-03-12,5.64,NA,NA,6.9,NA,6.9,NA,NA,64,2012-03-17,3,0,0,0,0,0,NA,NA,NA,NA,1.32,IJ,NP,NA,NA,NA,NA,NA,NA
LCAT,7085,N,F,Izze,N,3826,2012-03-17,3,NA,CB,Duke Lemur Center,2,138,2011-10-31,10,6863,Sprite,LCAT,2001-03-17,10.63,6955,Randy,LCAT,2006-03-12,5.64,NA,NA,NA,6.58,6.58,NA,NA,63,2012-03-17,3,0,0,0,0,0,NA,NA,NA,NA,1.32,IJ,NP,NA,NA,NA,NA,NA,NA
LCAT,7086,N,M,Stewart,Y,3862,2012-03-30,3,NA,CB,Duke Lemur Center,1,138,2011-11-13,11,6876,Ginger,LCAT,2006-04-08,5.6,6955,Randy,LCAT,2006-03-12,5.68,NA,NA,6.86,NA,6.86,NA,NA,83,2012-03-30,3,0,0,0,0,0,NA,NA,NA,NA,1.32,IJ,NP,NA,NA,NA,NA,NA,NA
LCAT,7087,N,F,Gretl,Y,3863,2012-04-09,4,NA,CB,Duke Lemur Center,1,138,2011-11-23,11,6957,Liesl,LCAT,2008-07-15,3.36,6440,Aracus,LCAT,1991-05-23,20.52,NA,NA,6.83,NA,6.83,NA,NA,85,2012-04-09,4,0,0,0,0,0,NA,NA,NA,NA,1.32,IJ,NP,NA,NA,NA,NA,NA,NA
EMON,7088,N,M,Ernesto,N,1276,2012-04-09,4,NA,CB,Duke Lemur Center,1,127,2011-12-04,12,6907,Maddie,EMON,2006-06-02,5.51,6717,Paco,EMON,1997-06-26,14.45,NA,NA,NA,6.74,6.74,NA,NA,59,2012-04-09,4,0,0,0,0,0,NA,NA,NA,NA,1.76,IJ,NP,NA,NA,NA,NA,NA,NA
LCAT,7100,N,F,Justine-A,N,NA,2012-06-20,6,NA,CB,Duke Lemur Center,2,138,2012-02-03,2,6856,Justine,LCAT,2005-03-22,6.87,6862,Tugger,LCAT,1983-05-16,28.74,2012-06-21,0,NA,NA,0,NA,NA,45,2012-06-20,6,0,0,0,0,0,NA,NA,NA,1,1.32,IJ,NP,NA,NA,NA,NA,NA,NA
LCAT,7138,N,F,Dorieus-F,N,NA,2013-03-23,3,NA,CB,Duke Lemur Center,2,138,2012-11-05,11,6761,Dorieus,LCAT,2000-03-17,12.65,6862,Tugger,LCAT,1983-05-16,29.5,2013-04-15,0.06,NA,NA,0.06,NA,NA,43,2013-03-23,3,0,0,0,0,0,NA,NA,NA,23,1.32,IJ,NP,NA,NA,NA,NA,NA,NA
LCAT,7139,N,M,Nikos,Y,3868,2013-03-23,3,NA,CB,Duke Lemur Center,2,138,2012-11-05,11,6761,Dorieus,LCAT,2000-03-17,12.65,6862,Tugger,LCAT,1983-05-16,29.5,NA,NA,5.88,NA,5.88,NA,NA,49,2013-03-23,3,0,0,0,0,0,NA,NA,NA,NA,1.32,IJ,NP,NA,NA,NA,NA,NA,NA
LCAT,7142,N,F,Penelope,N,3869,2013-03-28,3,NA,CB,Duke Lemur Center,2,138,2012-11-10,11,6856,Justine,LCAT,2005-03-22,7.64,6862,Tugger,LCAT,1983-05-16,29.51,2014-05-24,1.16,NA,NA,1.16,NA,NA,55,2013-03-29,3,1,0.14,0.03,0,0,NA,NA,NA,421,1.32,IJ,NP,NA,NA,NA,NA,NA,NA
LCAT,7143,N,M,Onyx,Y,3870,2013-03-28,3,NA,CB,Duke Lemur Center,2,138,2012-11-10,11,6856,Justine,LCAT,2005-03-22,7.64,6862,Tugger,LCAT,1983-05-16,29.51,NA,NA,5.87,NA,5.87,NA,NA,54,2013-03-29,3,1,0.14,0.03,0,0,NA,NA,NA,NA,1.32,IJ,NP,NA,NA,NA,NA,NA,NA
LCAT,7144,N,F,Kalliope,N,3871,2013-03-29,3,NA,CB,Duke Lemur Center,2,138,2012-11-11,11,6936,Hibernia,LCAT,2009-03-17,3.66,6862,Tugger,LCAT,1983-05-16,29.51,2014-05-24,1.15,NA,NA,1.15,NA,NA,62,2013-03-29,3,0,0,0,0,0,NA,NA,NA,421,1.32,IJ,NP,NA,NA,NA,NA,NA,NA
LCAT,7145,N,M,Hibernia-A,N,NA,2013-03-29,3,NA,CB,Duke Lemur Center,2,138,2012-11-11,11,6936,Hibernia,LCAT,2009-03-17,3.66,6862,Tugger,LCAT,1983-05-16,29.51,2013-04-19,0.06,NA,NA,0.06,NA,NA,62,2013-03-29,3,0,0,0,0,0,NA,NA,NA,21,1.32,IJ,NP,NA,NA,NA,NA,NA,NA
EMON,7148,N,M,Carolina-A,N,1278,2013-04-11,4,NA,CB,Duke Lemur Center,1,127,2012-12-05,12,6972,Carolina,EMON,2010-04-03,2.68,6717,Paco,EMON,1997-06-26,15.45,2013-04-14,0.01,NA,NA,0.01,NA,NA,50,2013-04-12,4,1,0.14,0.03,0,0,NA,NA,NA,2,1.76,IJ,NP,NA,NA,NA,NA,NA,NA
EMON,7158,N,M,Duggan,Y,1263,2008-03-28,3,NA,CB,Busch Gardens Tampa Bay,NA,127,2007-11-22,11,oi_63645,NA,NA,NA,NA,oi_63644,NA,NA,NA,NA,NA,NA,10.87,NA,10.87,4,NA,1480,2013-06-05,6,1895,270.71,62.3,62,5.19,NA,NA,NA,NA,1.76,adult,NP,NA,NA,NA,NA,NA,NA
LCAT,7176,N,F,LuLu,Y,3990,2014-03-19,3,NA,CB,Duke Lemur Center,2,138,2013-11-01,11,6863,Sprite,LCAT,2001-03-17,12.64,6955,Randy,LCAT,2006-03-12,7.65,NA,NA,4.89,NA,4.89,NA,NA,55,2014-03-19,3,0,0,0,0,0,NA,NA,NA,NA,1.32,IJ,NP,NA,NA,NA,NA,NA,NA
LCAT,7177,N,F,Willow,N,3991,2014-03-19,3,NA,CB,Duke Lemur Center,2,138,2013-11-01,11,6863,Sprite,LCAT,2001-03-17,12.64,6955,Randy,LCAT,2006-03-12,7.65,NA,NA,NA,4.57,4.57,NA,NA,64,2014-03-19,3,0,0,0,0,0,NA,NA,NA,NA,1.32,IJ,NP,NA,NA,NA,NA,NA,NA
EMON,7181,N,M,Oscar,Y,1282,2014-04-12,4,NA,CB,Duke Lemur Center,1,127,2013-12-06,12,6972,Carolina,EMON,2010-04-03,3.68,7158,Duggan,EMON,2008-03-28,5.7,NA,NA,4.82,NA,4.82,NA,NA,63,2014-04-14,4,2,0.29,0.07,0,0.01,NA,NA,NA,NA,1.76,IJ,NP,NA,NA,NA,NA,NA,NA
EMON,7182,N,M,Mico,Y,1283,2014-05-03,5,NA,CB,Duke Lemur Center,1,127,2013-12-27,12,6907,Maddie,EMON,2006-06-02,7.58,6717,Paco,EMON,1997-06-26,16.52,NA,NA,4.77,NA,4.77,NA,NA,63,2014-05-03,5,0,0,0,0,0,NA,NA,NA,NA,1.76,IJ,NP,NA,NA,NA,NA,NA,NA
LCAT,7205,N,M,Liesl-A,N,NA,2015-03-19,3,NA,CB,Duke Lemur Center,1,138,2014-11-01,11,6957,Liesl,LCAT,2008-07-15,6.3,6440,Aracus,LCAT,1991-05-23,23.46,2015-03-21,0.01,NA,NA,0.01,NA,NA,101,2015-03-20,3,1,0.14,0.03,0,0,NA,NA,NA,1,1.32,IJ,NP,NA,NA,NA,NA,NA,NA
EMON,7208,N,M,Ignacio,Y,1290,2015-04-11,4,NA,CB,Duke Lemur Center,1,127,2014-12-05,12,6907,Maddie,EMON,2006-06-02,8.52,6717,Paco,EMON,1997-06-26,17.45,NA,NA,3.83,NA,3.83,NA,NA,66,2015-04-11,4,0,0,0,0,0,NA,NA,NA,NA,1.76,IJ,NP,NA,NA,NA,NA,NA,NA
LCAT,7209,N,F,Princess Julien I,Y,4083,2015-05-04,5,NA,CB,Duke Lemur Center,2,138,2014-12-17,12,6864,Sophia,LCAT,2005-06-18,9.5,6955,Randy,LCAT,2006-03-12,8.77,NA,NA,3.76,NA,3.76,NA,NA,48,2015-05-05,5,1,0.14,0.03,0,0,NA,NA,NA,NA,1.32,IJ,NP,NA,NA,NA,NA,NA,NA
LCAT,7210,N,F,Thea,Y,4084,2015-05-04,5,NA,CB,Duke Lemur Center,2,138,2014-12-17,12,6864,Sophia,LCAT,2005-06-18,9.5,6955,Randy,LCAT,2006-03-12,8.77,NA,NA,3.76,NA,3.76,NA,NA,58,2015-05-05,5,1,0.14,0.03,0,0,NA,NA,NA,NA,1.32,IJ,NP,NA,NA,NA,NA,NA,NA
EMON,7216,N,F,Carolina-B,N,1292,2015-06-02,6,NA,CB,Duke Lemur Center,1,127,2015-01-26,1,6972,Carolina,EMON,2010-04-03,4.82,7158,Duggan,EMON,2008-03-28,6.84,2015-06-02,0,NA,NA,0,NA,NA,53,2015-06-02,6,0,0,0,0,0,NA,NA,NA,0,1.76,IJ,NP,NA,NA,NA,NA,NA,NA
LCAT,7239,N,F,Hedwig,Y,4089,2016-03-28,3,NA,CB,Duke Lemur Center,2,138,2015-11-11,11,6957,Liesl,LCAT,2008-07-15,7.33,6440,Aracus,LCAT,1991-05-23,24.49,NA,NA,2.86,NA,2.86,NA,NA,70,2016-03-28,3,0,0,0,0,0,NA,NA,NA,NA,1.32,IJ,NP,NA,NA,NA,NA,NA,NA
LCAT,7240,N,F,Griselda,Y,4090,2016-03-28,3,NA,CB,Duke Lemur Center,2,138,2015-11-11,11,6957,Liesl,LCAT,2008-07-15,7.33,6440,Aracus,LCAT,1991-05-23,24.49,NA,NA,2.86,NA,2.86,NA,NA,73,2016-03-28,3,0,0,0,0,0,NA,NA,NA,NA,1.32,IJ,NP,NA,NA,NA,NA,NA,NA
LCAT,7242,N,F,Nemesis,Y,4091,2016-04-12,4,NA,CB,Duke Lemur Center,2,138,2015-11-26,11,6864,Sophia,LCAT,2005-06-18,10.45,6955,Randy,LCAT,2006-03-12,9.72,NA,NA,2.82,NA,2.82,NA,NA,61,2016-04-12,4,0,0,0,0,0,NA,NA,NA,NA,1.32,IJ,NP,NA,NA,NA,NA,NA,NA
LCAT,7243,N,F,Narcissa,Y,4092,2016-04-12,4,NA,CB,Duke Lemur Center,2,138,2015-11-26,11,6864,Sophia,LCAT,2005-06-18,10.45,6955,Randy,LCAT,2006-03-12,9.72,NA,NA,2.82,NA,2.82,NA,NA,59,2016-04-12,4,0,0,0,0,0,NA,NA,NA,NA,1.32,IJ,NP,NA,NA,NA,NA,NA,NA
EMON,7244,N,F,Bonita,Y,1298,2016-04-19,4,NA,CB,Duke Lemur Center,1,127,2015-12-14,12,6972,Carolina,EMON,2010-04-03,5.7,7158,Duggan,EMON,2008-03-28,7.72,NA,NA,2.8,NA,2.8,NA,NA,60,2016-04-19,4,0,0,0,0,0,NA,NA,NA,NA,1.76,IJ,NP,NA,NA,NA,NA,NA,NA
EMON,7269,N,M,Nacho,Y,1303,2017-04-04,4,NA,CB,Duke Lemur Center,1,127,2016-11-28,11,6972,Carolina,EMON,2010-04-03,6.66,7158,Duggan,EMON,2008-03-28,8.68,NA,NA,1.84,NA,1.84,NA,NA,54,2017-04-05,4,1,0.14,0.03,0,0,NA,NA,NA,NA,1.76,IJ,NP,NA,NA,NA,NA,NA,NA
