STRUCTURE,STRUCTURE_ID,STRUCTURE_NAME,ACTION,REF_AREA,Reference area,FREQ,Frequency of observation,METHODOLOGY,Methodology,MEASURE,Measure,UNIT_MEASURE,Unit of measure,EXPENDITURE,Expenditure,ADJUSTMENT,Adjustment,TRANSFORMATION,Transformation,TIME_PERIOD,Time period,OBS_VALUE,Observation value,OBS_STATUS,Observation status,UNIT_MULT,Unit multiplier,BASE_PER,Base period,DURABILITY,Durability,DECIMALS,Decimals
DATAFLOW,OECD.SDD.TPS:DSD_PRICES@DF_PRICES_ALL(1.0),"Consumer price indices (CPIs, HICPs), COICOP 1999",I,USA,United States,A,Annual,N,National,CPI,Consumer price index,PA,Percent per annum,CP08,Communication,N,Neither seasonally adjusted nor calendar adjusted,GY,"Growth rate, over 1 year",2018,,-1.265205,,A,Normal value,,,,,,,2,Two
DATAFLOW,OECD.SDD.TPS:DSD_PRICES@DF_PRICES_ALL(1.0),"Consumer price indices (CPIs, HICPs), COICOP 1999",I,USA,United States,A,Annual,N,National,CPI,Consumer price index,PA,Percent per annum,CP08,Communication,N,Neither seasonally adjusted nor calendar adjusted,GY,"Growth rate, over 1 year",2017,,-5.483102,,A,Normal value,,,,,,,2,Two
DATAFLOW,OECD.SDD.TPS:DSD_PRICES@DF_PRICES_ALL(1.0),"Consumer price indices (CPIs, HICPs), COICOP 1999",I,USA,United States,A,Annual,N,National,CPI,Consumer price index,PA,Percent per annum,CP08,Communication,N,Neither seasonally adjusted nor calendar adjusted,GY,"Growth rate, over 1 year",2016,,-0.5506312,,A,Normal value,,,,,,,2,Two
DATAFLOW,OECD.SDD.TPS:DSD_PRICES@DF_PRICES_ALL(1.0),"Consumer price indices (CPIs, HICPs), COICOP 1999",I,USA,United States,A,Annual,N,National,CPI,Consumer price index,PA,Percent per annum,CP08,Communication,N,Neither seasonally adjusted nor calendar adjusted,GY,"Growth rate, over 1 year",2015,,-1.700052,,A,Normal value,,,,,,,2,Two
DATAFLOW,OECD.SDD.TPS:DSD_PRICES@DF_PRICES_ALL(1.0),"Consumer price indices (CPIs, HICPs), COICOP 1999",I,USA,United States,A,Annual,N,National,CPI,Consumer price index,PA,Percent per annum,CP08,Communication,N,Neither seasonally adjusted nor calendar adjusted,GY,"Growth rate, over 1 year",2014,,-0.04913678,,A,Normal value,,,,,,,2,Two
DATAFLOW,OECD.SDD.TPS:DSD_PRICES@DF_PRICES_ALL(1.0),"Consumer price indices (CPIs, HICPs), COICOP 1999",I,USA,United States,A,Annual,N,National,CPI,Consumer price index,PA,Percent per annum,CP08,Communication,N,Neither seasonally adjusted nor calendar adjusted,GY,"Growth rate, over 1 year",2013,,0.2206017,,A,Normal value,,,,,,,2,Two
DATAFLOW,OECD.SDD.TPS:DSD_PRICES@DF_PRICES_ALL(1.0),"Consumer price indices (CPIs, HICPs), COICOP 1999",I,USA,United States,A,Annual,N,National,CPI,Consumer price index,PA,Percent per annum,CP08,Communication,N,Neither seasonally adjusted nor calendar adjusted,GY,"Growth rate, over 1 year",2012,,0.4471165,,A,Normal value,,,,,,,2,Two
DATAFLOW,OECD.SDD.TPS:DSD_PRICES@DF_PRICES_ALL(1.0),"Consumer price indices (CPIs, HICPs), COICOP 1999",I,USA,United States,A,Annual,N,National,CPI,Consumer price index,PA,Percent per annum,CP08,Communication,N,Neither seasonally adjusted nor calendar adjusted,GY,"Growth rate, over 1 year",2011,,-0.8511271,,A,Normal value,,,,,,,2,Two
DATAFLOW,OECD.SDD.TPS:DSD_PRICES@DF_PRICES_ALL(1.0),"Consumer price indices (CPIs, HICPs), COICOP 1999",I,USA,United States,A,Annual,N,National,CPI,Consumer price index,PA,Percent per annum,CP08,Communication,N,Neither seasonally adjusted nor calendar adjusted,GY,"Growth rate, over 1 year",2023,,0.180603,,A,Normal value,,,,,,,2,Two
DATAFLOW,OECD.SDD.TPS:DSD_PRICES@DF_PRICES_ALL(1.0),"Consumer price indices (CPIs, HICPs), COICOP 1999",I,USA,United States,A,Annual,N,National,CPI,Consumer price index,PA,Percent per annum,CP08,Communication,N,Neither seasonally adjusted nor calendar adjusted,GY,"Growth rate, over 1 year",2022,,-0.4300501,,A,Normal value,,,,,,,2,Two
DATAFLOW,OECD.SDD.TPS:DSD_PRICES@DF_PRICES_ALL(1.0),"Consumer price indices (CPIs, HICPs), COICOP 1999",I,USA,United States,A,Annual,N,National,CPI,Consumer price index,PA,Percent per annum,CP08,Communication,N,Neither seasonally adjusted nor calendar adjusted,GY,"Growth rate, over 1 year",2021,,1.817034,,A,Normal value,,,,,,,2,Two
DATAFLOW,OECD.SDD.TPS:DSD_PRICES@DF_PRICES_ALL(1.0),"Consumer price indices (CPIs, HICPs), COICOP 1999",I,USA,United States,A,Annual,N,National,CPI,Consumer price index,PA,Percent per annum,CP08,Communication,N,Neither seasonally adjusted nor calendar adjusted,GY,"Growth rate, over 1 year",2020,,2.362062,,A,Normal value,,,,,,,2,Two
DATAFLOW,OECD.SDD.TPS:DSD_PRICES@DF_PRICES_ALL(1.0),"Consumer price indices (CPIs, HICPs), COICOP 1999",I,USA,United States,A,Annual,N,National,CPI,Consumer price index,PA,Percent per annum,CP12,Miscellaneous goods and services,N,Neither seasonally adjusted nor calendar adjusted,GY,"Growth rate, over 1 year",2018,,3.631369,,A,Normal value,,,,,,,2,Two
DATAFLOW,OECD.SDD.TPS:DSD_PRICES@DF_PRICES_ALL(1.0),"Consumer price indices (CPIs, HICPs), COICOP 1999",I,USA,United States,A,Annual,N,National,CPI,Consumer price index,PA,Percent per annum,CP12,Miscellaneous goods and services,N,Neither seasonally adjusted nor calendar adjusted,GY,"Growth rate, over 1 year",2017,,3.551218,,A,Normal value,,,,,,,2,Two
DATAFLOW,OECD.SDD.TPS:DSD_PRICES@DF_PRICES_ALL(1.0),"Consumer price indices (CPIs, HICPs), COICOP 1999",I,USA,United States,A,Annual,N,National,CPI,Consumer price index,PA,Percent per annum,CP12,Miscellaneous goods and services,N,Neither seasonally adjusted nor calendar adjusted,GY,"Growth rate, over 1 year",2016,,3.885648,,A,Normal value,,,,,,,2,Two
DATAFLOW,OECD.SDD.TPS:DSD_PRICES@DF_PRICES_ALL(1.0),"Consumer price indices (CPIs, HICPs), COICOP 1999",I,USA,United States,A,Annual,N,National,CPI,Consumer price index,PA,Percent per annum,CP12,Miscellaneous goods and services,N,Neither seasonally adjusted nor calendar adjusted,GY,"Growth rate, over 1 year",2015,,2.573264,,A,Normal value,,,,,,,2,Two
DATAFLOW,OECD.SDD.TPS:DSD_PRICES@DF_PRICES_ALL(1.0),"Consumer price indices (CPIs, HICPs), COICOP 1999",I,USA,United States,A,Annual,N,National,CPI,Consumer price index,PA,Percent per annum,CP12,Miscellaneous goods and services,N,Neither seasonally adjusted nor calendar adjusted,GY,"Growth rate, over 1 year",2014,,2.126008,,A,Normal value,,,,,,,2,Two
DATAFLOW,OECD.SDD.TPS:DSD_PRICES@DF_PRICES_ALL(1.0),"Consumer price indices (CPIs, HICPs), COICOP 1999",I,USA,United States,A,Annual,N,National,CPI,Consumer price index,PA,Percent per annum,CP12,Miscellaneous goods and services,N,Neither seasonally adjusted nor calendar adjusted,GY,"Growth rate, over 1 year",2013,,2.597442,,A,Normal value,,,,,,,2,Two
DATAFLOW,OECD.SDD.TPS:DSD_PRICES@DF_PRICES_ALL(1.0),"Consumer price indices (CPIs, HICPs), COICOP 1999",I,USA,United States,A,Annual,N,National,CPI,Consumer price index,PA,Percent per annum,CP12,Miscellaneous goods and services,N,Neither seasonally adjusted nor calendar adjusted,GY,"Growth rate, over 1 year",2012,,3.343293,,A,Normal value,,,,,,,2,Two
DATAFLOW,OECD.SDD.TPS:DSD_PRICES@DF_PRICES_ALL(1.0),"Consumer price indices (CPIs, HICPs), COICOP 1999",I,USA,United States,A,Annual,N,National,CPI,Consumer price index,PA,Percent per annum,CP12,Miscellaneous goods and services,N,Neither seasonally adjusted nor calendar adjusted,GY,"Growth rate, over 1 year",2011,,2.092965,,A,Normal value,,,,,,,2,Two
DATAFLOW,OECD.SDD.TPS:DSD_PRICES@DF_PRICES_ALL(1.0),"Consumer price indices (CPIs, HICPs), COICOP 1999",I,USA,United States,A,Annual,N,National,CPI,Consumer price index,PA,Percent per annum,CP12,Miscellaneous goods and services,N,Neither seasonally adjusted nor calendar adjusted,GY,"Growth rate, over 1 year",2023,,6.091952,,A,Normal value,,,,,,,2,Two
DATAFLOW,OECD.SDD.TPS:DSD_PRICES@DF_PRICES_ALL(1.0),"Consumer price indices (CPIs, HICPs), COICOP 1999",I,USA,United States,A,Annual,N,National,CPI,Consumer price index,PA,Percent per annum,CP12,Miscellaneous goods and services,N,Neither seasonally adjusted nor calendar adjusted,GY,"Growth rate, over 1 year",2022,,6.91073,,A,Normal value,,,,,,,2,Two
DATAFLOW,OECD.SDD.TPS:DSD_PRICES@DF_PRICES_ALL(1.0),"Consumer price indices (CPIs, HICPs), COICOP 1999",I,USA,United States,A,Annual,N,National,CPI,Consumer price index,PA,Percent per annum,CP12,Miscellaneous goods and services,N,Neither seasonally adjusted nor calendar adjusted,GY,"Growth rate, over 1 year",2021,,1.206019,,A,Normal value,,,,,,,2,Two
DATAFLOW,OECD.SDD.TPS:DSD_PRICES@DF_PRICES_ALL(1.0),"Consumer price indices (CPIs, HICPs), COICOP 1999",I,USA,United States,A,Annual,N,National,CPI,Consumer price index,PA,Percent per annum,CP12,Miscellaneous goods and services,N,Neither seasonally adjusted nor calendar adjusted,GY,"Growth rate, over 1 year",2020,,2.122341,,A,Normal value,,,,,,,2,Two
DATAFLOW,OECD.SDD.TPS:DSD_PRICES@DF_PRICES_ALL(1.0),"Consumer price indices (CPIs, HICPs), COICOP 1999",I,USA,United States,A,Annual,N,National,CPI,Consumer price index,PA,Percent per annum,CP05,"Furnishings, household equipment and routine household maintenance",N,Neither seasonally adjusted nor calendar adjusted,GY,"Growth rate, over 1 year",2018,,0.5484537,,A,Normal value,,,,,,,2,Two
DATAFLOW,OECD.SDD.TPS:DSD_PRICES@DF_PRICES_ALL(1.0),"Consumer price indices (CPIs, HICPs), COICOP 1999",I,USA,United States,A,Annual,N,National,CPI,Consumer price index,PA,Percent per annum,CP05,"Furnishings, household equipment and routine household maintenance",N,Neither seasonally adjusted nor calendar adjusted,GY,"Growth rate, over 1 year",2017,,-0.9007696,,A,Normal value,,,,,,,2,Two
DATAFLOW,OECD.SDD.TPS:DSD_PRICES@DF_PRICES_ALL(1.0),"Consumer price indices (CPIs, HICPs), COICOP 1999",I,USA,United States,A,Annual,N,National,CPI,Consumer price index,PA,Percent per annum,CP05,"Furnishings, household equipment and routine household maintenance",N,Neither seasonally adjusted nor calendar adjusted,GY,"Growth rate, over 1 year",2016,,-1.164767,,A,Normal value,,,,,,,2,Two
DATAFLOW,OECD.SDD.TPS:DSD_PRICES@DF_PRICES_ALL(1.0),"Consumer price indices (CPIs, HICPs), COICOP 1999",I,USA,United States,A,Annual,N,National,CPI,Consumer price index,PA,Percent per annum,CP05,"Furnishings, household equipment and routine household maintenance",N,Neither seasonally adjusted nor calendar adjusted,GY,"Growth rate, over 1 year",2015,,-0.7351201,,A,Normal value,,,,,,,2,Two
DATAFLOW,OECD.SDD.TPS:DSD_PRICES@DF_PRICES_ALL(1.0),"Consumer price indices (CPIs, HICPs), COICOP 1999",I,USA,United States,A,Annual,N,National,CPI,Consumer price index,PA,Percent per annum,CP05,"Furnishings, household equipment and routine household maintenance",N,Neither seasonally adjusted nor calendar adjusted,GY,"Growth rate, over 1 year",2014,,-1.445851,,A,Normal value,,,,,,,2,Two
DATAFLOW,OECD.SDD.TPS:DSD_PRICES@DF_PRICES_ALL(1.0),"Consumer price indices (CPIs, HICPs), COICOP 1999",I,USA,United States,A,Annual,N,National,CPI,Consumer price index,PA,Percent per annum,CP05,"Furnishings, household equipment and routine household maintenance",N,Neither seasonally adjusted nor calendar adjusted,GY,"Growth rate, over 1 year",2013,,-0.8977697,,A,Normal value,,,,,,,2,Two
DATAFLOW,OECD.SDD.TPS:DSD_PRICES@DF_PRICES_ALL(1.0),"Consumer price indices (CPIs, HICPs), COICOP 1999",I,USA,United States,A,Annual,N,National,CPI,Consumer price index,PA,Percent per annum,CP05,"Furnishings, household equipment and routine household maintenance",N,Neither seasonally adjusted nor calendar adjusted,GY,"Growth rate, over 1 year",2012,,0.6908713,,A,Normal value,,,,,,,2,Two
DATAFLOW,OECD.SDD.TPS:DSD_PRICES@DF_PRICES_ALL(1.0),"Consumer price indices (CPIs, HICPs), COICOP 1999",I,USA,United States,A,Annual,N,National,CPI,Consumer price index,PA,Percent per annum,CP05,"Furnishings, household equipment and routine household maintenance",N,Neither seasonally adjusted nor calendar adjusted,GY,"Growth rate, over 1 year",2011,,-0.4152586,,A,Normal value,,,,,,,2,Two
DATAFLOW,OECD.SDD.TPS:DSD_PRICES@DF_PRICES_ALL(1.0),"Consumer price indices (CPIs, HICPs), COICOP 1999",I,USA,United States,A,Annual,N,National,CPI,Consumer price index,PA,Percent per annum,CP05,"Furnishings, household equipment and routine household maintenance",N,Neither seasonally adjusted nor calendar adjusted,GY,"Growth rate, over 1 year",2023,,2.631796,,A,Normal value,,,,,,,2,Two
DATAFLOW,OECD.SDD.TPS:DSD_PRICES@DF_PRICES_ALL(1.0),"Consumer price indices (CPIs, HICPs), COICOP 1999",I,USA,United States,A,Annual,N,National,CPI,Consumer price index,PA,Percent per annum,CP05,"Furnishings, household equipment and routine household maintenance",N,Neither seasonally adjusted nor calendar adjusted,GY,"Growth rate, over 1 year",2022,,9.159812,,A,Normal value,,,,,,,2,Two
DATAFLOW,OECD.SDD.TPS:DSD_PRICES@DF_PRICES_ALL(1.0),"Consumer price indices (CPIs, HICPs), COICOP 1999",I,USA,United States,A,Annual,N,National,CPI,Consumer price index,PA,Percent per annum,CP05,"Furnishings, household equipment and routine household maintenance",N,Neither seasonally adjusted nor calendar adjusted,GY,"Growth rate, over 1 year",2021,,4.405128,,A,Normal value,,,,,,,2,Two
DATAFLOW,OECD.SDD.TPS:DSD_PRICES@DF_PRICES_ALL(1.0),"Consumer price indices (CPIs, HICPs), COICOP 1999",I,USA,United States,A,Annual,N,National,CPI,Consumer price index,PA,Percent per annum,CP05,"Furnishings, household equipment and routine household maintenance",N,Neither seasonally adjusted nor calendar adjusted,GY,"Growth rate, over 1 year",2020,,1.747593,,A,Normal value,,,,,,,2,Two
DATAFLOW,OECD.SDD.TPS:DSD_PRICES@DF_PRICES_ALL(1.0),"Consumer price indices (CPIs, HICPs), COICOP 1999",I,USA,United States,A,Annual,N,National,CPI,Consumer price index,PA,Percent per annum,CP04,"Housing, water, electricity, gas and other fuels",N,Neither seasonally adjusted nor calendar adjusted,GY,"Growth rate, over 1 year",2018,,3.162829,,A,Normal value,,,,,,,2,Two
DATAFLOW,OECD.SDD.TPS:DSD_PRICES@DF_PRICES_ALL(1.0),"Consumer price indices (CPIs, HICPs), COICOP 1999",I,USA,United States,A,Annual,N,National,CPI,Consumer price index,PA,Percent per annum,CP04,"Housing, water, electricity, gas and other fuels",N,Neither seasonally adjusted nor calendar adjusted,GY,"Growth rate, over 1 year",2017,,3.457183,,A,Normal value,,,,,,,2,Two
DATAFLOW,OECD.SDD.TPS:DSD_PRICES@DF_PRICES_ALL(1.0),"Consumer price indices (CPIs, HICPs), COICOP 1999",I,USA,United States,A,Annual,N,National,CPI,Consumer price index,PA,Percent per annum,CP04,"Housing, water, electricity, gas and other fuels",N,Neither seasonally adjusted nor calendar adjusted,GY,"Growth rate, over 1 year",2016,,2.847277,,A,Normal value,,,,,,,2,Two
DATAFLOW,OECD.SDD.TPS:DSD_PRICES@DF_PRICES_ALL(1.0),"Consumer price indices (CPIs, HICPs), COICOP 1999",I,USA,United States,A,Annual,N,National,CPI,Consumer price index,PA,Percent per annum,CP04,"Housing, water, electricity, gas and other fuels",N,Neither seasonally adjusted nor calendar adjusted,GY,"Growth rate, over 1 year",2015,,2.331402,,A,Normal value,,,,,,,2,Two
DATAFLOW,OECD.SDD.TPS:DSD_PRICES@DF_PRICES_ALL(1.0),"Consumer price indices (CPIs, HICPs), COICOP 1999",I,USA,United States,A,Annual,N,National,CPI,Consumer price index,PA,Percent per annum,CP04,"Housing, water, electricity, gas and other fuels",N,Neither seasonally adjusted nor calendar adjusted,GY,"Growth rate, over 1 year",2014,,2.969429,,A,Normal value,,,,,,,2,Two
DATAFLOW,OECD.SDD.TPS:DSD_PRICES@DF_PRICES_ALL(1.0),"Consumer price indices (CPIs, HICPs), COICOP 1999",I,USA,United States,A,Annual,N,National,CPI,Consumer price index,PA,Percent per annum,CP04,"Housing, water, electricity, gas and other fuels",N,Neither seasonally adjusted nor calendar adjusted,GY,"Growth rate, over 1 year",2013,,2.405407,,A,Normal value,,,,,,,2,Two
DATAFLOW,OECD.SDD.TPS:DSD_PRICES@DF_PRICES_ALL(1.0),"Consumer price indices (CPIs, HICPs), COICOP 1999",I,USA,United States,A,Annual,N,National,CPI,Consumer price index,PA,Percent per annum,CP04,"Housing, water, electricity, gas and other fuels",N,Neither seasonally adjusted nor calendar adjusted,GY,"Growth rate, over 1 year",2012,,1.722521,,A,Normal value,,,,,,,2,Two
DATAFLOW,OECD.SDD.TPS:DSD_PRICES@DF_PRICES_ALL(1.0),"Consumer price indices (CPIs, HICPs), COICOP 1999",I,USA,United States,A,Annual,N,National,CPI,Consumer price index,PA,Percent per annum,CP04,"Housing, water, electricity, gas and other fuels",N,Neither seasonally adjusted nor calendar adjusted,GY,"Growth rate, over 1 year",2011,,1.497319,,A,Normal value,,,,,,,2,Two
DATAFLOW,OECD.SDD.TPS:DSD_PRICES@DF_PRICES_ALL(1.0),"Consumer price indices (CPIs, HICPs), COICOP 1999",I,USA,United States,A,Annual,N,National,CPI,Consumer price index,PA,Percent per annum,CP04,"Housing, water, electricity, gas and other fuels",N,Neither seasonally adjusted nor calendar adjusted,GY,"Growth rate, over 1 year",2023,,6.943748,,A,Normal value,,,,,,,2,Two
DATAFLOW,OECD.SDD.TPS:DSD_PRICES@DF_PRICES_ALL(1.0),"Consumer price indices (CPIs, HICPs), COICOP 1999",I,USA,United States,A,Annual,N,National,CPI,Consumer price index,PA,Percent per annum,CP04,"Housing, water, electricity, gas and other fuels",N,Neither seasonally adjusted nor calendar adjusted,GY,"Growth rate, over 1 year",2022,,6.89568,,A,Normal value,,,,,,,2,Two
DATAFLOW,OECD.SDD.TPS:DSD_PRICES@DF_PRICES_ALL(1.0),"Consumer price indices (CPIs, HICPs), COICOP 1999",I,USA,United States,A,Annual,N,National,CPI,Consumer price index,PA,Percent per annum,CP04,"Housing, water, electricity, gas and other fuels",N,Neither seasonally adjusted nor calendar adjusted,GY,"Growth rate, over 1 year",2021,,3.020479,,A,Normal value,,,,,,,2,Two
DATAFLOW,OECD.SDD.TPS:DSD_PRICES@DF_PRICES_ALL(1.0),"Consumer price indices (CPIs, HICPs), COICOP 1999",I,USA,United States,A,Annual,N,National,CPI,Consumer price index,PA,Percent per annum,CP04,"Housing, water, electricity, gas and other fuels",N,Neither seasonally adjusted nor calendar adjusted,GY,"Growth rate, over 1 year",2020,,2.588173,,A,Normal value,,,,,,,2,Two
DATAFLOW,OECD.SDD.TPS:DSD_PRICES@DF_PRICES_ALL(1.0),"Consumer price indices (CPIs, HICPs), COICOP 1999",I,USA,United States,A,Annual,N,National,CPI,Consumer price index,PA,Percent per annum,CP11,Restaurants and hotels,N,Neither seasonally adjusted nor calendar adjusted,GY,"Growth rate, over 1 year",2018,,2.413655,,A,Normal value,,,,,,,2,Two
DATAFLOW,OECD.SDD.TPS:DSD_PRICES@DF_PRICES_ALL(1.0),"Consumer price indices (CPIs, HICPs), COICOP 1999",I,USA,United States,A,Annual,N,National,CPI,Consumer price index,PA,Percent per annum,CP11,Restaurants and hotels,N,Neither seasonally adjusted nor calendar adjusted,GY,"Growth rate, over 1 year",2017,,2.104085,,A,Normal value,,,,,,,2,Two
DATAFLOW,OECD.SDD.TPS:DSD_PRICES@DF_PRICES_ALL(1.0),"Consumer price indices (CPIs, HICPs), COICOP 1999",I,USA,United States,A,Annual,N,National,CPI,Consumer price index,PA,Percent per annum,CP11,Restaurants and hotels,N,Neither seasonally adjusted nor calendar adjusted,GY,"Growth rate, over 1 year",2016,,2.63021,,A,Normal value,,,,,,,2,Two
DATAFLOW,OECD.SDD.TPS:DSD_PRICES@DF_PRICES_ALL(1.0),"Consumer price indices (CPIs, HICPs), COICOP 1999",I,USA,United States,A,Annual,N,National,CPI,Consumer price index,PA,Percent per annum,CP11,Restaurants and hotels,N,Neither seasonally adjusted nor calendar adjusted,GY,"Growth rate, over 1 year",2015,,2.822092,,A,Normal value,,,,,,,2,Two
DATAFLOW,OECD.SDD.TPS:DSD_PRICES@DF_PRICES_ALL(1.0),"Consumer price indices (CPIs, HICPs), COICOP 1999",I,USA,United States,A,Annual,N,National,CPI,Consumer price index,PA,Percent per annum,CP11,Restaurants and hotels,N,Neither seasonally adjusted nor calendar adjusted,GY,"Growth rate, over 1 year",2014,,2.685882,,A,Normal value,,,,,,,2,Two
DATAFLOW,OECD.SDD.TPS:DSD_PRICES@DF_PRICES_ALL(1.0),"Consumer price indices (CPIs, HICPs), COICOP 1999",I,USA,United States,A,Annual,N,National,CPI,Consumer price index,PA,Percent per annum,CP11,Restaurants and hotels,N,Neither seasonally adjusted nor calendar adjusted,GY,"Growth rate, over 1 year",2013,,2.037282,,A,Normal value,,,,,,,2,Two
DATAFLOW,OECD.SDD.TPS:DSD_PRICES@DF_PRICES_ALL(1.0),"Consumer price indices (CPIs, HICPs), COICOP 1999",I,USA,United States,A,Annual,N,National,CPI,Consumer price index,PA,Percent per annum,CP11,Restaurants and hotels,N,Neither seasonally adjusted nor calendar adjusted,GY,"Growth rate, over 1 year",2012,,0.4216049,,A,Normal value,,,,,,,2,Two
DATAFLOW,OECD.SDD.TPS:DSD_PRICES@DF_PRICES_ALL(1.0),"Consumer price indices (CPIs, HICPs), COICOP 1999",I,USA,United States,A,Annual,N,National,CPI,Consumer price index,PA,Percent per annum,CP11,Restaurants and hotels,N,Neither seasonally adjusted nor calendar adjusted,GY,"Growth rate, over 1 year",2011,,2.765083,,A,Normal value,,,,,,,2,Two
DATAFLOW,OECD.SDD.TPS:DSD_PRICES@DF_PRICES_ALL(1.0),"Consumer price indices (CPIs, HICPs), COICOP 1999",I,USA,United States,A,Annual,N,National,CPI,Consumer price index,PA,Percent per annum,CP11,Restaurants and hotels,N,Neither seasonally adjusted nor calendar adjusted,GY,"Growth rate, over 1 year",2023,,5.433435,,A,Normal value,,,,,,,2,Two
DATAFLOW,OECD.SDD.TPS:DSD_PRICES@DF_PRICES_ALL(1.0),"Consumer price indices (CPIs, HICPs), COICOP 1999",I,USA,United States,A,Annual,N,National,CPI,Consumer price index,PA,Percent per annum,CP11,Restaurants and hotels,N,Neither seasonally adjusted nor calendar adjusted,GY,"Growth rate, over 1 year",2022,,8.215855,,A,Normal value,,,,,,,2,Two
DATAFLOW,OECD.SDD.TPS:DSD_PRICES@DF_PRICES_ALL(1.0),"Consumer price indices (CPIs, HICPs), COICOP 1999",I,USA,United States,A,Annual,N,National,CPI,Consumer price index,PA,Percent per annum,CP11,Restaurants and hotels,N,Neither seasonally adjusted nor calendar adjusted,GY,"Growth rate, over 1 year",2021,,5.043777,,A,Normal value,,,,,,,2,Two
DATAFLOW,OECD.SDD.TPS:DSD_PRICES@DF_PRICES_ALL(1.0),"Consumer price indices (CPIs, HICPs), COICOP 1999",I,USA,United States,A,Annual,N,National,CPI,Consumer price index,PA,Percent per annum,CP11,Restaurants and hotels,N,Neither seasonally adjusted nor calendar adjusted,GY,"Growth rate, over 1 year",2020,,1.504988,,A,Normal value,,,,,,,2,Two
DATAFLOW,OECD.SDD.TPS:DSD_PRICES@DF_PRICES_ALL(1.0),"Consumer price indices (CPIs, HICPs), COICOP 1999",I,USA,United States,A,Annual,N,National,CPI,Consumer price index,PA,Percent per annum,CP09,Recreation and culture,N,Neither seasonally adjusted nor calendar adjusted,GY,"Growth rate, over 1 year",2018,,0.03175471,,A,Normal value,,,,,,,2,Two
DATAFLOW,OECD.SDD.TPS:DSD_PRICES@DF_PRICES_ALL(1.0),"Consumer price indices (CPIs, HICPs), COICOP 1999",I,USA,United States,A,Annual,N,National,CPI,Consumer price index,PA,Percent per annum,CP09,Recreation and culture,N,Neither seasonally adjusted nor calendar adjusted,GY,"Growth rate, over 1 year",2017,,0.8242372,,A,Normal value,,,,,,,2,Two
DATAFLOW,OECD.SDD.TPS:DSD_PRICES@DF_PRICES_ALL(1.0),"Consumer price indices (CPIs, HICPs), COICOP 1999",I,USA,United States,A,Annual,N,National,CPI,Consumer price index,PA,Percent per annum,CP09,Recreation and culture,N,Neither seasonally adjusted nor calendar adjusted,GY,"Growth rate, over 1 year",2016,,0.3683412,,A,Normal value,,,,,,,2,Two
DATAFLOW,OECD.SDD.TPS:DSD_PRICES@DF_PRICES_ALL(1.0),"Consumer price indices (CPIs, HICPs), COICOP 1999",I,USA,United States,A,Annual,N,National,CPI,Consumer price index,PA,Percent per annum,CP09,Recreation and culture,N,Neither seasonally adjusted nor calendar adjusted,GY,"Growth rate, over 1 year",2015,,0.02375352,,A,Normal value,,,,,,,2,Two
DATAFLOW,OECD.SDD.TPS:DSD_PRICES@DF_PRICES_ALL(1.0),"Consumer price indices (CPIs, HICPs), COICOP 1999",I,USA,United States,A,Annual,N,National,CPI,Consumer price index,PA,Percent per annum,CP09,Recreation and culture,N,Neither seasonally adjusted nor calendar adjusted,GY,"Growth rate, over 1 year",2014,,-0.1050363,,A,Normal value,,,,,,,2,Two
DATAFLOW,OECD.SDD.TPS:DSD_PRICES@DF_PRICES_ALL(1.0),"Consumer price indices (CPIs, HICPs), COICOP 1999",I,USA,United States,A,Annual,N,National,CPI,Consumer price index,PA,Percent per annum,CP09,Recreation and culture,N,Neither seasonally adjusted nor calendar adjusted,GY,"Growth rate, over 1 year",2013,,0.1243561,,A,Normal value,,,,,,,2,Two
DATAFLOW,OECD.SDD.TPS:DSD_PRICES@DF_PRICES_ALL(1.0),"Consumer price indices (CPIs, HICPs), COICOP 1999",I,USA,United States,A,Annual,N,National,CPI,Consumer price index,PA,Percent per annum,CP09,Recreation and culture,N,Neither seasonally adjusted nor calendar adjusted,GY,"Growth rate, over 1 year",2012,,0.6865212,,A,Normal value,,,,,,,2,Two
DATAFLOW,OECD.SDD.TPS:DSD_PRICES@DF_PRICES_ALL(1.0),"Consumer price indices (CPIs, HICPs), COICOP 1999",I,USA,United States,A,Annual,N,National,CPI,Consumer price index,PA,Percent per annum,CP09,Recreation and culture,N,Neither seasonally adjusted nor calendar adjusted,GY,"Growth rate, over 1 year",2011,,-0.3150816,,A,Normal value,,,,,,,2,Two
DATAFLOW,OECD.SDD.TPS:DSD_PRICES@DF_PRICES_ALL(1.0),"Consumer price indices (CPIs, HICPs), COICOP 1999",I,USA,United States,A,Annual,N,National,CPI,Consumer price index,PA,Percent per annum,CP09,Recreation and culture,N,Neither seasonally adjusted nor calendar adjusted,GY,"Growth rate, over 1 year",2023,,3.602402,,A,Normal value,,,,,,,2,Two
DATAFLOW,OECD.SDD.TPS:DSD_PRICES@DF_PRICES_ALL(1.0),"Consumer price indices (CPIs, HICPs), COICOP 1999",I,USA,United States,A,Annual,N,National,CPI,Consumer price index,PA,Percent per annum,CP09,Recreation and culture,N,Neither seasonally adjusted nor calendar adjusted,GY,"Growth rate, over 1 year",2022,,4.633376,,A,Normal value,,,,,,,2,Two
DATAFLOW,OECD.SDD.TPS:DSD_PRICES@DF_PRICES_ALL(1.0),"Consumer price indices (CPIs, HICPs), COICOP 1999",I,USA,United States,A,Annual,N,National,CPI,Consumer price index,PA,Percent per annum,CP09,Recreation and culture,N,Neither seasonally adjusted nor calendar adjusted,GY,"Growth rate, over 1 year",2021,,2.602583,,A,Normal value,,,,,,,2,Two
DATAFLOW,OECD.SDD.TPS:DSD_PRICES@DF_PRICES_ALL(1.0),"Consumer price indices (CPIs, HICPs), COICOP 1999",I,USA,United States,A,Annual,N,National,CPI,Consumer price index,PA,Percent per annum,CP09,Recreation and culture,N,Neither seasonally adjusted nor calendar adjusted,GY,"Growth rate, over 1 year",2020,,1.110668,,A,Normal value,,,,,,,2,Two
DATAFLOW,OECD.SDD.TPS:DSD_PRICES@DF_PRICES_ALL(1.0),"Consumer price indices (CPIs, HICPs), COICOP 1999",I,USA,United States,A,Annual,N,National,CPI,Consumer price index,PA,Percent per annum,CP07,Transport,N,Neither seasonally adjusted nor calendar adjusted,GY,"Growth rate, over 1 year",2018,,4.011728,,A,Normal value,,,,,,,2,Two
DATAFLOW,OECD.SDD.TPS:DSD_PRICES@DF_PRICES_ALL(1.0),"Consumer price indices (CPIs, HICPs), COICOP 1999",I,USA,United States,A,Annual,N,National,CPI,Consumer price index,PA,Percent per annum,CP07,Transport,N,Neither seasonally adjusted nor calendar adjusted,GY,"Growth rate, over 1 year",2017,,2.624893,,A,Normal value,,,,,,,2,Two
DATAFLOW,OECD.SDD.TPS:DSD_PRICES@DF_PRICES_ALL(1.0),"Consumer price indices (CPIs, HICPs), COICOP 1999",I,USA,United States,A,Annual,N,National,CPI,Consumer price index,PA,Percent per annum,CP07,Transport,N,Neither seasonally adjusted nor calendar adjusted,GY,"Growth rate, over 1 year",2016,,-3.634065,,A,Normal value,,,,,,,2,Two
DATAFLOW,OECD.SDD.TPS:DSD_PRICES@DF_PRICES_ALL(1.0),"Consumer price indices (CPIs, HICPs), COICOP 1999",I,USA,United States,A,Annual,N,National,CPI,Consumer price index,PA,Percent per annum,CP07,Transport,N,Neither seasonally adjusted nor calendar adjusted,GY,"Growth rate, over 1 year",2015,,-10.02131,,A,Normal value,,,,,,,2,Two
DATAFLOW,OECD.SDD.TPS:DSD_PRICES@DF_PRICES_ALL(1.0),"Consumer price indices (CPIs, HICPs), COICOP 1999",I,USA,United States,A,Annual,N,National,CPI,Consumer price index,PA,Percent per annum,CP07,Transport,N,Neither seasonally adjusted nor calendar adjusted,GY,"Growth rate, over 1 year",2014,,-1.519197,,A,Normal value,,,,,,,2,Two
DATAFLOW,OECD.SDD.TPS:DSD_PRICES@DF_PRICES_ALL(1.0),"Consumer price indices (CPIs, HICPs), COICOP 1999",I,USA,United States,A,Annual,N,National,CPI,Consumer price index,PA,Percent per annum,CP07,Transport,N,Neither seasonally adjusted nor calendar adjusted,GY,"Growth rate, over 1 year",2013,,-0.6600554,,A,Normal value,,,,,,,2,Two
DATAFLOW,OECD.SDD.TPS:DSD_PRICES@DF_PRICES_ALL(1.0),"Consumer price indices (CPIs, HICPs), COICOP 1999",I,USA,United States,A,Annual,N,National,CPI,Consumer price index,PA,Percent per annum,CP07,Transport,N,Neither seasonally adjusted nor calendar adjusted,GY,"Growth rate, over 1 year",2012,,2.190023,,A,Normal value,,,,,,,2,Two
DATAFLOW,OECD.SDD.TPS:DSD_PRICES@DF_PRICES_ALL(1.0),"Consumer price indices (CPIs, HICPs), COICOP 1999",I,USA,United States,A,Annual,N,National,CPI,Consumer price index,PA,Percent per annum,CP07,Transport,N,Neither seasonally adjusted nor calendar adjusted,GY,"Growth rate, over 1 year",2011,,11.61792,,A,Normal value,,,,,,,2,Two
DATAFLOW,OECD.SDD.TPS:DSD_PRICES@DF_PRICES_ALL(1.0),"Consumer price indices (CPIs, HICPs), COICOP 1999",I,USA,United States,A,Annual,N,National,CPI,Consumer price index,PA,Percent per annum,CP07,Transport,N,Neither seasonally adjusted nor calendar adjusted,GY,"Growth rate, over 1 year",2023,,-2.388965,,A,Normal value,,,,,,,2,Two
DATAFLOW,OECD.SDD.TPS:DSD_PRICES@DF_PRICES_ALL(1.0),"Consumer price indices (CPIs, HICPs), COICOP 1999",I,USA,United States,A,Annual,N,National,CPI,Consumer price index,PA,Percent per annum,CP07,Transport,N,Neither seasonally adjusted nor calendar adjusted,GY,"Growth rate, over 1 year",2022,,16.60956,,A,Normal value,,,,,,,2,Two
DATAFLOW,OECD.SDD.TPS:DSD_PRICES@DF_PRICES_ALL(1.0),"Consumer price indices (CPIs, HICPs), COICOP 1999",I,USA,United States,A,Annual,N,National,CPI,Consumer price index,PA,Percent per annum,CP07,Transport,N,Neither seasonally adjusted nor calendar adjusted,GY,"Growth rate, over 1 year",2021,,15.8044,,A,Normal value,,,,,,,2,Two
DATAFLOW,OECD.SDD.TPS:DSD_PRICES@DF_PRICES_ALL(1.0),"Consumer price indices (CPIs, HICPs), COICOP 1999",I,USA,United States,A,Annual,N,National,CPI,Consumer price index,PA,Percent per annum,CP07,Transport,N,Neither seasonally adjusted nor calendar adjusted,GY,"Growth rate, over 1 year",2020,,-4.250852,,A,Normal value,,,,,,,2,Two
DATAFLOW,OECD.SDD.TPS:DSD_PRICES@DF_PRICES_ALL(1.0),"Consumer price indices (CPIs, HICPs), COICOP 1999",I,USA,United States,A,Annual,N,National,CPI,Consumer price index,PA,Percent per annum,CP01,Food and non-alcoholic beverages,N,Neither seasonally adjusted nor calendar adjusted,GY,"Growth rate, over 1 year",2018,,0.4555647,,A,Normal value,,,,,,,2,Two
DATAFLOW,OECD.SDD.TPS:DSD_PRICES@DF_PRICES_ALL(1.0),"Consumer price indices (CPIs, HICPs), COICOP 1999",I,USA,United States,A,Annual,N,National,CPI,Consumer price index,PA,Percent per annum,CP01,Food and non-alcoholic beverages,N,Neither seasonally adjusted nor calendar adjusted,GY,"Growth rate, over 1 year",2017,,-0.2021815,,A,Normal value,,,,,,,2,Two
DATAFLOW,OECD.SDD.TPS:DSD_PRICES@DF_PRICES_ALL(1.0),"Consumer price indices (CPIs, HICPs), COICOP 1999",I,USA,United States,A,Annual,N,National,CPI,Consumer price index,PA,Percent per annum,CP01,Food and non-alcoholic beverages,N,Neither seasonally adjusted nor calendar adjusted,GY,"Growth rate, over 1 year",2016,,-1.325349,,A,Normal value,,,,,,,2,Two
DATAFLOW,OECD.SDD.TPS:DSD_PRICES@DF_PRICES_ALL(1.0),"Consumer price indices (CPIs, HICPs), COICOP 1999",I,USA,United States,A,Annual,N,National,CPI,Consumer price index,PA,Percent per annum,CP01,Food and non-alcoholic beverages,N,Neither seasonally adjusted nor calendar adjusted,GY,"Growth rate, over 1 year",2015,,1.167711,,A,Normal value,,,,,,,2,Two
DATAFLOW,OECD.SDD.TPS:DSD_PRICES@DF_PRICES_ALL(1.0),"Consumer price indices (CPIs, HICPs), COICOP 1999",I,USA,United States,A,Annual,N,National,CPI,Consumer price index,PA,Percent per annum,CP01,Food and non-alcoholic beverages,N,Neither seasonally adjusted nor calendar adjusted,GY,"Growth rate, over 1 year",2014,,2.407607,,A,Normal value,,,,,,,2,Two
DATAFLOW,OECD.SDD.TPS:DSD_PRICES@DF_PRICES_ALL(1.0),"Consumer price indices (CPIs, HICPs), COICOP 1999",I,USA,United States,A,Annual,N,National,CPI,Consumer price index,PA,Percent per annum,CP01,Food and non-alcoholic beverages,N,Neither seasonally adjusted nor calendar adjusted,GY,"Growth rate, over 1 year",2013,,0.9040795,,A,Normal value,,,,,,,2,Two
DATAFLOW,OECD.SDD.TPS:DSD_PRICES@DF_PRICES_ALL(1.0),"Consumer price indices (CPIs, HICPs), COICOP 1999",I,USA,United States,A,Annual,N,National,CPI,Consumer price index,PA,Percent per annum,CP01,Food and non-alcoholic beverages,N,Neither seasonally adjusted nor calendar adjusted,GY,"Growth rate, over 1 year",2012,,2.463743,,A,Normal value,,,,,,,2,Two
DATAFLOW,OECD.SDD.TPS:DSD_PRICES@DF_PRICES_ALL(1.0),"Consumer price indices (CPIs, HICPs), COICOP 1999",I,USA,United States,A,Annual,N,National,CPI,Consumer price index,PA,Percent per annum,CP01,Food and non-alcoholic beverages,N,Neither seasonally adjusted nor calendar adjusted,GY,"Growth rate, over 1 year",2011,,4.802269,,A,Normal value,,,,,,,2,Two
DATAFLOW,OECD.SDD.TPS:DSD_PRICES@DF_PRICES_ALL(1.0),"Consumer price indices (CPIs, HICPs), COICOP 1999",I,USA,United States,A,Annual,N,National,CPI,Consumer price index,PA,Percent per annum,CP01,Food and non-alcoholic beverages,N,Neither seasonally adjusted nor calendar adjusted,GY,"Growth rate, over 1 year",2023,,4.944269,,A,Normal value,,,,,,,2,Two
DATAFLOW,OECD.SDD.TPS:DSD_PRICES@DF_PRICES_ALL(1.0),"Consumer price indices (CPIs, HICPs), COICOP 1999",I,USA,United States,A,Annual,N,National,CPI,Consumer price index,PA,Percent per annum,CP01,Food and non-alcoholic beverages,N,Neither seasonally adjusted nor calendar adjusted,GY,"Growth rate, over 1 year",2022,,11.43888,,A,Normal value,,,,,,,2,Two
DATAFLOW,OECD.SDD.TPS:DSD_PRICES@DF_PRICES_ALL(1.0),"Consumer price indices (CPIs, HICPs), COICOP 1999",I,USA,United States,A,Annual,N,National,CPI,Consumer price index,PA,Percent per annum,CP01,Food and non-alcoholic beverages,N,Neither seasonally adjusted nor calendar adjusted,GY,"Growth rate, over 1 year",2021,,3.469165,,A,Normal value,,,,,,,2,Two
DATAFLOW,OECD.SDD.TPS:DSD_PRICES@DF_PRICES_ALL(1.0),"Consumer price indices (CPIs, HICPs), COICOP 1999",I,USA,United States,A,Annual,N,National,CPI,Consumer price index,PA,Percent per annum,CP01,Food and non-alcoholic beverages,N,Neither seasonally adjusted nor calendar adjusted,GY,"Growth rate, over 1 year",2020,,3.50503,,A,Normal value,,,,,,,2,Two
DATAFLOW,OECD.SDD.TPS:DSD_PRICES@DF_PRICES_ALL(1.0),"Consumer price indices (CPIs, HICPs), COICOP 1999",I,USA,United States,A,Annual,N,National,CPI,Consumer price index,PA,Percent per annum,CP03,Clothing and footwear,N,Neither seasonally adjusted nor calendar adjusted,GY,"Growth rate, over 1 year",2019,,-0.9156038,,A,Normal value,,,,,,,2,Two
DATAFLOW,OECD.SDD.TPS:DSD_PRICES@DF_PRICES_ALL(1.0),"Consumer price indices (CPIs, HICPs), COICOP 1999",I,USA,United States,A,Annual,N,National,CPI,Consumer price index,PA,Percent per annum,CP03,Clothing and footwear,N,Neither seasonally adjusted nor calendar adjusted,GY,"Growth rate, over 1 year",2018,,0.3271379,,A,Normal value,,,,,,,2,Two
DATAFLOW,OECD.SDD.TPS:DSD_PRICES@DF_PRICES_ALL(1.0),"Consumer price indices (CPIs, HICPs), COICOP 1999",I,USA,United States,A,Annual,N,National,CPI,Consumer price index,PA,Percent per annum,CP03,Clothing and footwear,N,Neither seasonally adjusted nor calendar adjusted,GY,"Growth rate, over 1 year",2017,,-0.3733105,,A,Normal value,,,,,,,2,Two
DATAFLOW,OECD.SDD.TPS:DSD_PRICES@DF_PRICES_ALL(1.0),"Consumer price indices (CPIs, HICPs), COICOP 1999",I,USA,United States,A,Annual,N,National,CPI,Consumer price index,PA,Percent per annum,CP03,Clothing and footwear,N,Neither seasonally adjusted nor calendar adjusted,GY,"Growth rate, over 1 year",2016,,-0.02269053,,A,Normal value,,,,,,,2,Two
DATAFLOW,OECD.SDD.TPS:DSD_PRICES@DF_PRICES_ALL(1.0),"Consumer price indices (CPIs, HICPs), COICOP 1999",I,USA,United States,A,Annual,N,National,CPI,Consumer price index,PA,Percent per annum,CP03,Clothing and footwear,N,Neither seasonally adjusted nor calendar adjusted,GY,"Growth rate, over 1 year",2015,,-0.9987356,,A,Normal value,,,,,,,2,Two
DATAFLOW,OECD.SDD.TPS:DSD_PRICES@DF_PRICES_ALL(1.0),"Consumer price indices (CPIs, HICPs), COICOP 1999",I,USA,United States,A,Annual,N,National,CPI,Consumer price index,PA,Percent per annum,CP03,Clothing and footwear,N,Neither seasonally adjusted nor calendar adjusted,GY,"Growth rate, over 1 year",2014,,0.3951694,,A,Normal value,,,,,,,2,Two
DATAFLOW,OECD.SDD.TPS:DSD_PRICES@DF_PRICES_ALL(1.0),"Consumer price indices (CPIs, HICPs), COICOP 1999",I,USA,United States,A,Annual,N,National,CPI,Consumer price index,PA,Percent per annum,CP03,Clothing and footwear,N,Neither seasonally adjusted nor calendar adjusted,GY,"Growth rate, over 1 year",2013,,1.102681,,A,Normal value,,,,,,,2,Two
DATAFLOW,OECD.SDD.TPS:DSD_PRICES@DF_PRICES_ALL(1.0),"Consumer price indices (CPIs, HICPs), COICOP 1999",I,USA,United States,A,Annual,N,National,CPI,Consumer price index,PA,Percent per annum,CP03,Clothing and footwear,N,Neither seasonally adjusted nor calendar adjusted,GY,"Growth rate, over 1 year",2012,,3.450456,,A,Normal value,,,,,,,2,Two
DATAFLOW,OECD.SDD.TPS:DSD_PRICES@DF_PRICES_ALL(1.0),"Consumer price indices (CPIs, HICPs), COICOP 1999",I,USA,United States,A,Annual,N,National,CPI,Consumer price index,PA,Percent per annum,CP03,Clothing and footwear,N,Neither seasonally adjusted nor calendar adjusted,GY,"Growth rate, over 1 year",2011,,1.631393,,A,Normal value,,,,,,,2,Two
DATAFLOW,OECD.SDD.TPS:DSD_PRICES@DF_PRICES_ALL(1.0),"Consumer price indices (CPIs, HICPs), COICOP 1999",I,USA,United States,A,Annual,N,National,CPI,Consumer price index,PA,Percent per annum,CP03,Clothing and footwear,N,Neither seasonally adjusted nor calendar adjusted,GY,"Growth rate, over 1 year",2023,,2.684161,,A,Normal value,,,,,,,2,Two
DATAFLOW,OECD.SDD.TPS:DSD_PRICES@DF_PRICES_ALL(1.0),"Consumer price indices (CPIs, HICPs), COICOP 1999",I,USA,United States,A,Annual,N,National,CPI,Consumer price index,PA,Percent per annum,CP03,Clothing and footwear,N,Neither seasonally adjusted nor calendar adjusted,GY,"Growth rate, over 1 year",2022,,5.415234,,A,Normal value,,,,,,,2,Two
DATAFLOW,OECD.SDD.TPS:DSD_PRICES@DF_PRICES_ALL(1.0),"Consumer price indices (CPIs, HICPs), COICOP 1999",I,USA,United States,A,Annual,N,National,CPI,Consumer price index,PA,Percent per annum,CP03,Clothing and footwear,N,Neither seasonally adjusted nor calendar adjusted,GY,"Growth rate, over 1 year",2021,,2.394024,,A,Normal value,,,,,,,2,Two
DATAFLOW,OECD.SDD.TPS:DSD_PRICES@DF_PRICES_ALL(1.0),"Consumer price indices (CPIs, HICPs), COICOP 1999",I,USA,United States,A,Annual,N,National,CPI,Consumer price index,PA,Percent per annum,_T,Total,N,Neither seasonally adjusted nor calendar adjusted,GY,"Growth rate, over 1 year",2018,,2.442583,,A,Normal value,,,,,,,2,Two
DATAFLOW,OECD.SDD.TPS:DSD_PRICES@DF_PRICES_ALL(1.0),"Consumer price indices (CPIs, HICPs), COICOP 1999",I,USA,United States,A,Annual,N,National,CPI,Consumer price index,PA,Percent per annum,_T,Total,N,Neither seasonally adjusted nor calendar adjusted,GY,"Growth rate, over 1 year",2017,,2.13011,,A,Normal value,,,,,,,2,Two
DATAFLOW,OECD.SDD.TPS:DSD_PRICES@DF_PRICES_ALL(1.0),"Consumer price indices (CPIs, HICPs), COICOP 1999",I,USA,United States,A,Annual,N,National,CPI,Consumer price index,PA,Percent per annum,_T,Total,N,Neither seasonally adjusted nor calendar adjusted,GY,"Growth rate, over 1 year",2016,,1.261583,,A,Normal value,,,,,,,2,Two
DATAFLOW,OECD.SDD.TPS:DSD_PRICES@DF_PRICES_ALL(1.0),"Consumer price indices (CPIs, HICPs), COICOP 1999",I,USA,United States,A,Annual,N,National,CPI,Consumer price index,PA,Percent per annum,_T,Total,N,Neither seasonally adjusted nor calendar adjusted,GY,"Growth rate, over 1 year",2015,,0.1186271,,A,Normal value,,,,,,,2,Two
DATAFLOW,OECD.SDD.TPS:DSD_PRICES@DF_PRICES_ALL(1.0),"Consumer price indices (CPIs, HICPs), COICOP 1999",I,USA,United States,A,Annual,N,National,CPI,Consumer price index,PA,Percent per annum,_T,Total,N,Neither seasonally adjusted nor calendar adjusted,GY,"Growth rate, over 1 year",2014,,1.622223,,A,Normal value,,,,,,,2,Two
DATAFLOW,OECD.SDD.TPS:DSD_PRICES@DF_PRICES_ALL(1.0),"Consumer price indices (CPIs, HICPs), COICOP 1999",I,USA,United States,A,Annual,N,National,CPI,Consumer price index,PA,Percent per annum,_T,Total,N,Neither seasonally adjusted nor calendar adjusted,GY,"Growth rate, over 1 year",2013,,1.464833,,A,Normal value,,,,,,,2,Two
DATAFLOW,OECD.SDD.TPS:DSD_PRICES@DF_PRICES_ALL(1.0),"Consumer price indices (CPIs, HICPs), COICOP 1999",I,USA,United States,A,Annual,N,National,CPI,Consumer price index,PA,Percent per annum,_T,Total,N,Neither seasonally adjusted nor calendar adjusted,GY,"Growth rate, over 1 year",2012,,2.069337,,A,Normal value,,,,,,,2,Two
DATAFLOW,OECD.SDD.TPS:DSD_PRICES@DF_PRICES_ALL(1.0),"Consumer price indices (CPIs, HICPs), COICOP 1999",I,USA,United States,A,Annual,N,National,CPI,Consumer price index,PA,Percent per annum,_T,Total,N,Neither seasonally adjusted nor calendar adjusted,GY,"Growth rate, over 1 year",2011,,3.156842,,A,Normal value,,,,,,,2,Two
DATAFLOW,OECD.SDD.TPS:DSD_PRICES@DF_PRICES_ALL(1.0),"Consumer price indices (CPIs, HICPs), COICOP 1999",I,USA,United States,A,Annual,N,National,CPI,Consumer price index,PA,Percent per annum,_T,Total,N,Neither seasonally adjusted nor calendar adjusted,GY,"Growth rate, over 1 year",2023,,4.116338,,A,Normal value,,,,,,,2,Two
DATAFLOW,OECD.SDD.TPS:DSD_PRICES@DF_PRICES_ALL(1.0),"Consumer price indices (CPIs, HICPs), COICOP 1999",I,USA,United States,A,Annual,N,National,CPI,Consumer price index,PA,Percent per annum,_T,Total,N,Neither seasonally adjusted nor calendar adjusted,GY,"Growth rate, over 1 year",2022,,8.0028,,A,Normal value,,,,,,,2,Two
DATAFLOW,OECD.SDD.TPS:DSD_PRICES@DF_PRICES_ALL(1.0),"Consumer price indices (CPIs, HICPs), COICOP 1999",I,USA,United States,A,Annual,N,National,CPI,Consumer price index,PA,Percent per annum,_T,Total,N,Neither seasonally adjusted nor calendar adjusted,GY,"Growth rate, over 1 year",2021,,4.697859,,A,Normal value,,,,,,,2,Two
DATAFLOW,OECD.SDD.TPS:DSD_PRICES@DF_PRICES_ALL(1.0),"Consumer price indices (CPIs, HICPs), COICOP 1999",I,USA,United States,A,Annual,N,National,CPI,Consumer price index,PA,Percent per annum,_T,Total,N,Neither seasonally adjusted nor calendar adjusted,GY,"Growth rate, over 1 year",2020,,1.233584,,A,Normal value,,,,,,,2,Two
DATAFLOW,OECD.SDD.TPS:DSD_PRICES@DF_PRICES_ALL(1.0),"Consumer price indices (CPIs, HICPs), COICOP 1999",I,USA,United States,A,Annual,N,National,CPI,Consumer price index,PA,Percent per annum,CP10,Education,N,Neither seasonally adjusted nor calendar adjusted,GY,"Growth rate, over 1 year",2018,,2.293032,,A,Normal value,,,,,,,2,Two
DATAFLOW,OECD.SDD.TPS:DSD_PRICES@DF_PRICES_ALL(1.0),"Consumer price indices (CPIs, HICPs), COICOP 1999",I,USA,United States,A,Annual,N,National,CPI,Consumer price index,PA,Percent per annum,CP10,Education,N,Neither seasonally adjusted nor calendar adjusted,GY,"Growth rate, over 1 year",2017,,2.333906,,A,Normal value,,,,,,,2,Two
DATAFLOW,OECD.SDD.TPS:DSD_PRICES@DF_PRICES_ALL(1.0),"Consumer price indices (CPIs, HICPs), COICOP 1999",I,USA,United States,A,Annual,N,National,CPI,Consumer price index,PA,Percent per annum,CP10,Education,N,Neither seasonally adjusted nor calendar adjusted,GY,"Growth rate, over 1 year",2016,,2.808177,,A,Normal value,,,,,,,2,Two
DATAFLOW,OECD.SDD.TPS:DSD_PRICES@DF_PRICES_ALL(1.0),"Consumer price indices (CPIs, HICPs), COICOP 1999",I,USA,United States,A,Annual,N,National,CPI,Consumer price index,PA,Percent per annum,CP10,Education,N,Neither seasonally adjusted nor calendar adjusted,GY,"Growth rate, over 1 year",2015,,3.614707,,A,Normal value,,,,,,,2,Two
DATAFLOW,OECD.SDD.TPS:DSD_PRICES@DF_PRICES_ALL(1.0),"Consumer price indices (CPIs, HICPs), COICOP 1999",I,USA,United States,A,Annual,N,National,CPI,Consumer price index,PA,Percent per annum,CP10,Education,N,Neither seasonally adjusted nor calendar adjusted,GY,"Growth rate, over 1 year",2014,,3.278435,,A,Normal value,,,,,,,2,Two
DATAFLOW,OECD.SDD.TPS:DSD_PRICES@DF_PRICES_ALL(1.0),"Consumer price indices (CPIs, HICPs), COICOP 1999",I,USA,United States,A,Annual,N,National,CPI,Consumer price index,PA,Percent per annum,CP10,Education,N,Neither seasonally adjusted nor calendar adjusted,GY,"Growth rate, over 1 year",2013,,3.658527,,A,Normal value,,,,,,,2,Two
DATAFLOW,OECD.SDD.TPS:DSD_PRICES@DF_PRICES_ALL(1.0),"Consumer price indices (CPIs, HICPs), COICOP 1999",I,USA,United States,A,Annual,N,National,CPI,Consumer price index,PA,Percent per annum,CP10,Education,N,Neither seasonally adjusted nor calendar adjusted,GY,"Growth rate, over 1 year",2012,,3.972705,,A,Normal value,,,,,,,2,Two
DATAFLOW,OECD.SDD.TPS:DSD_PRICES@DF_PRICES_ALL(1.0),"Consumer price indices (CPIs, HICPs), COICOP 1999",I,USA,United States,A,Annual,N,National,CPI,Consumer price index,PA,Percent per annum,CP10,Education,N,Neither seasonally adjusted nor calendar adjusted,GY,"Growth rate, over 1 year",2011,,4.182083,,A,Normal value,,,,,,,2,Two
DATAFLOW,OECD.SDD.TPS:DSD_PRICES@DF_PRICES_ALL(1.0),"Consumer price indices (CPIs, HICPs), COICOP 1999",I,USA,United States,A,Annual,N,National,CPI,Consumer price index,PA,Percent per annum,CP10,Education,N,Neither seasonally adjusted nor calendar adjusted,GY,"Growth rate, over 1 year",2023,,2.399652,,A,Normal value,,,,,,,2,Two
DATAFLOW,OECD.SDD.TPS:DSD_PRICES@DF_PRICES_ALL(1.0),"Consumer price indices (CPIs, HICPs), COICOP 1999",I,USA,United States,A,Annual,N,National,CPI,Consumer price index,PA,Percent per annum,CP10,Education,N,Neither seasonally adjusted nor calendar adjusted,GY,"Growth rate, over 1 year",2022,,3.576577,,A,Normal value,,,,,,,2,Two
DATAFLOW,OECD.SDD.TPS:DSD_PRICES@DF_PRICES_ALL(1.0),"Consumer price indices (CPIs, HICPs), COICOP 1999",I,USA,United States,A,Annual,N,National,CPI,Consumer price index,PA,Percent per annum,CP10,Education,N,Neither seasonally adjusted nor calendar adjusted,GY,"Growth rate, over 1 year",2021,,1.414096,,A,Normal value,,,,,,,2,Two
DATAFLOW,OECD.SDD.TPS:DSD_PRICES@DF_PRICES_ALL(1.0),"Consumer price indices (CPIs, HICPs), COICOP 1999",I,USA,United States,A,Annual,N,National,CPI,Consumer price index,PA,Percent per annum,CP10,Education,N,Neither seasonally adjusted nor calendar adjusted,GY,"Growth rate, over 1 year",2020,,1.967091,,A,Normal value,,,,,,,2,Two
DATAFLOW,OECD.SDD.TPS:DSD_PRICES@DF_PRICES_ALL(1.0),"Consumer price indices (CPIs, HICPs), COICOP 1999",I,USA,United States,A,Annual,N,National,CPI,Consumer price index,PA,Percent per annum,CP06,Health,N,Neither seasonally adjusted nor calendar adjusted,GY,"Growth rate, over 1 year",2018,,2.091152,,A,Normal value,,,,,,,2,Two
DATAFLOW,OECD.SDD.TPS:DSD_PRICES@DF_PRICES_ALL(1.0),"Consumer price indices (CPIs, HICPs), COICOP 1999",I,USA,United States,A,Annual,N,National,CPI,Consumer price index,PA,Percent per annum,CP06,Health,N,Neither seasonally adjusted nor calendar adjusted,GY,"Growth rate, over 1 year",2017,,2.662488,,A,Normal value,,,,,,,2,Two
DATAFLOW,OECD.SDD.TPS:DSD_PRICES@DF_PRICES_ALL(1.0),"Consumer price indices (CPIs, HICPs), COICOP 1999",I,USA,United States,A,Annual,N,National,CPI,Consumer price index,PA,Percent per annum,CP06,Health,N,Neither seasonally adjusted nor calendar adjusted,GY,"Growth rate, over 1 year",2016,,3.449846,,A,Normal value,,,,,,,2,Two
DATAFLOW,OECD.SDD.TPS:DSD_PRICES@DF_PRICES_ALL(1.0),"Consumer price indices (CPIs, HICPs), COICOP 1999",I,USA,United States,A,Annual,N,National,CPI,Consumer price index,PA,Percent per annum,CP06,Health,N,Neither seasonally adjusted nor calendar adjusted,GY,"Growth rate, over 1 year",2015,,2.81994,,A,Normal value,,,,,,,2,Two
DATAFLOW,OECD.SDD.TPS:DSD_PRICES@DF_PRICES_ALL(1.0),"Consumer price indices (CPIs, HICPs), COICOP 1999",I,USA,United States,A,Annual,N,National,CPI,Consumer price index,PA,Percent per annum,CP06,Health,N,Neither seasonally adjusted nor calendar adjusted,GY,"Growth rate, over 1 year",2014,,2.741213,,A,Normal value,,,,,,,2,Two
DATAFLOW,OECD.SDD.TPS:DSD_PRICES@DF_PRICES_ALL(1.0),"Consumer price indices (CPIs, HICPs), COICOP 1999",I,USA,United States,A,Annual,N,National,CPI,Consumer price index,PA,Percent per annum,CP06,Health,N,Neither seasonally adjusted nor calendar adjusted,GY,"Growth rate, over 1 year",2013,,2.323896,,A,Normal value,,,,,,,2,Two
DATAFLOW,OECD.SDD.TPS:DSD_PRICES@DF_PRICES_ALL(1.0),"Consumer price indices (CPIs, HICPs), COICOP 1999",I,USA,United States,A,Annual,N,National,CPI,Consumer price index,PA,Percent per annum,CP06,Health,N,Neither seasonally adjusted nor calendar adjusted,GY,"Growth rate, over 1 year",2012,,2.96525,,A,Normal value,,,,,,,2,Two
DATAFLOW,OECD.SDD.TPS:DSD_PRICES@DF_PRICES_ALL(1.0),"Consumer price indices (CPIs, HICPs), COICOP 1999",I,USA,United States,A,Annual,N,National,CPI,Consumer price index,PA,Percent per annum,CP06,Health,N,Neither seasonally adjusted nor calendar adjusted,GY,"Growth rate, over 1 year",2011,,3.382161,,A,Normal value,,,,,,,2,Two
DATAFLOW,OECD.SDD.TPS:DSD_PRICES@DF_PRICES_ALL(1.0),"Consumer price indices (CPIs, HICPs), COICOP 1999",I,USA,United States,A,Annual,N,National,CPI,Consumer price index,PA,Percent per annum,CP06,Health,N,Neither seasonally adjusted nor calendar adjusted,GY,"Growth rate, over 1 year",2023,,2.738465,,A,Normal value,,,,,,,2,Two
DATAFLOW,OECD.SDD.TPS:DSD_PRICES@DF_PRICES_ALL(1.0),"Consumer price indices (CPIs, HICPs), COICOP 1999",I,USA,United States,A,Annual,N,National,CPI,Consumer price index,PA,Percent per annum,CP06,Health,N,Neither seasonally adjusted nor calendar adjusted,GY,"Growth rate, over 1 year",2022,,2.918464,,A,Normal value,,,,,,,2,Two
DATAFLOW,OECD.SDD.TPS:DSD_PRICES@DF_PRICES_ALL(1.0),"Consumer price indices (CPIs, HICPs), COICOP 1999",I,USA,United States,A,Annual,N,National,CPI,Consumer price index,PA,Percent per annum,CP06,Health,N,Neither seasonally adjusted nor calendar adjusted,GY,"Growth rate, over 1 year",2021,,2.066314,,A,Normal value,,,,,,,2,Two
DATAFLOW,OECD.SDD.TPS:DSD_PRICES@DF_PRICES_ALL(1.0),"Consumer price indices (CPIs, HICPs), COICOP 1999",I,USA,United States,A,Annual,N,National,CPI,Consumer price index,PA,Percent per annum,CP06,Health,N,Neither seasonally adjusted nor calendar adjusted,GY,"Growth rate, over 1 year",2020,,2.306857,,A,Normal value,,,,,,,2,Two
DATAFLOW,OECD.SDD.TPS:DSD_PRICES@DF_PRICES_ALL(1.0),"Consumer price indices (CPIs, HICPs), COICOP 1999",I,USA,United States,A,Annual,N,National,CPI,Consumer price index,PA,Percent per annum,CP02,"Alcoholic beverages, tobacco and narcotics",N,Neither seasonally adjusted nor calendar adjusted,GY,"Growth rate, over 1 year",2018,,2.611499,,A,Normal value,,,,,,,2,Two
DATAFLOW,OECD.SDD.TPS:DSD_PRICES@DF_PRICES_ALL(1.0),"Consumer price indices (CPIs, HICPs), COICOP 1999",I,USA,United States,A,Annual,N,National,CPI,Consumer price index,PA,Percent per annum,CP02,"Alcoholic beverages, tobacco and narcotics",N,Neither seasonally adjusted nor calendar adjusted,GY,"Growth rate, over 1 year",2017,,3.515364,,A,Normal value,,,,,,,2,Two
DATAFLOW,OECD.SDD.TPS:DSD_PRICES@DF_PRICES_ALL(1.0),"Consumer price indices (CPIs, HICPs), COICOP 1999",I,USA,United States,A,Annual,N,National,CPI,Consumer price index,PA,Percent per annum,CP02,"Alcoholic beverages, tobacco and narcotics",N,Neither seasonally adjusted nor calendar adjusted,GY,"Growth rate, over 1 year",2016,,2.283826,,A,Normal value,,,,,,,2,Two
DATAFLOW,OECD.SDD.TPS:DSD_PRICES@DF_PRICES_ALL(1.0),"Consumer price indices (CPIs, HICPs), COICOP 1999",I,USA,United States,A,Annual,N,National,CPI,Consumer price index,PA,Percent per annum,CP02,"Alcoholic beverages, tobacco and narcotics",N,Neither seasonally adjusted nor calendar adjusted,GY,"Growth rate, over 1 year",2015,,1.719486,,A,Normal value,,,,,,,2,Two
DATAFLOW,OECD.SDD.TPS:DSD_PRICES@DF_PRICES_ALL(1.0),"Consumer price indices (CPIs, HICPs), COICOP 1999",I,USA,United States,A,Annual,N,National,CPI,Consumer price index,PA,Percent per annum,CP02,"Alcoholic beverages, tobacco and narcotics",N,Neither seasonally adjusted nor calendar adjusted,GY,"Growth rate, over 1 year",2014,,1.98985,,A,Normal value,,,,,,,2,Two
DATAFLOW,OECD.SDD.TPS:DSD_PRICES@DF_PRICES_ALL(1.0),"Consumer price indices (CPIs, HICPs), COICOP 1999",I,USA,United States,A,Annual,N,National,CPI,Consumer price index,PA,Percent per annum,CP02,"Alcoholic beverages, tobacco and narcotics",N,Neither seasonally adjusted nor calendar adjusted,GY,"Growth rate, over 1 year",2013,,2.086263,,A,Normal value,,,,,,,2,Two
DATAFLOW,OECD.SDD.TPS:DSD_PRICES@DF_PRICES_ALL(1.0),"Consumer price indices (CPIs, HICPs), COICOP 1999",I,USA,United States,A,Annual,N,National,CPI,Consumer price index,PA,Percent per annum,CP02,"Alcoholic beverages, tobacco and narcotics",N,Neither seasonally adjusted nor calendar adjusted,GY,"Growth rate, over 1 year",2012,,1.683888,,A,Normal value,,,,,,,2,Two
DATAFLOW,OECD.SDD.TPS:DSD_PRICES@DF_PRICES_ALL(1.0),"Consumer price indices (CPIs, HICPs), COICOP 1999",I,USA,United States,A,Annual,N,National,CPI,Consumer price index,PA,Percent per annum,CP02,"Alcoholic beverages, tobacco and narcotics",N,Neither seasonally adjusted nor calendar adjusted,GY,"Growth rate, over 1 year",2011,,2.172844,,A,Normal value,,,,,,,2,Two
DATAFLOW,OECD.SDD.TPS:DSD_PRICES@DF_PRICES_ALL(1.0),"Consumer price indices (CPIs, HICPs), COICOP 1999",I,USA,United States,A,Annual,N,National,CPI,Consumer price index,PA,Percent per annum,CP02,"Alcoholic beverages, tobacco and narcotics",N,Neither seasonally adjusted nor calendar adjusted,GY,"Growth rate, over 1 year",2023,,4.782608,,A,Normal value,,,,,,,2,Two
DATAFLOW,OECD.SDD.TPS:DSD_PRICES@DF_PRICES_ALL(1.0),"Consumer price indices (CPIs, HICPs), COICOP 1999",I,USA,United States,A,Annual,N,National,CPI,Consumer price index,PA,Percent per annum,CP02,"Alcoholic beverages, tobacco and narcotics",N,Neither seasonally adjusted nor calendar adjusted,GY,"Growth rate, over 1 year",2022,,5.271149,,A,Normal value,,,,,,,2,Two
DATAFLOW,OECD.SDD.TPS:DSD_PRICES@DF_PRICES_ALL(1.0),"Consumer price indices (CPIs, HICPs), COICOP 1999",I,USA,United States,A,Annual,N,National,CPI,Consumer price index,PA,Percent per annum,CP02,"Alcoholic beverages, tobacco and narcotics",N,Neither seasonally adjusted nor calendar adjusted,GY,"Growth rate, over 1 year",2021,,4.46165,,A,Normal value,,,,,,,2,Two
DATAFLOW,OECD.SDD.TPS:DSD_PRICES@DF_PRICES_ALL(1.0),"Consumer price indices (CPIs, HICPs), COICOP 1999",I,USA,United States,A,Annual,N,National,CPI,Consumer price index,PA,Percent per annum,CP02,"Alcoholic beverages, tobacco and narcotics",N,Neither seasonally adjusted nor calendar adjusted,GY,"Growth rate, over 1 year",2020,,3.413118,,A,Normal value,,,,,,,2,Two
DATAFLOW,OECD.SDD.TPS:DSD_PRICES@DF_PRICES_ALL(1.0),"Consumer price indices (CPIs, HICPs), COICOP 1999",I,USA,United States,A,Annual,N,National,CPI,Consumer price index,PA,Percent per annum,CP08,Communication,N,Neither seasonally adjusted nor calendar adjusted,GY,"Growth rate, over 1 year",2019,,-0.536588,,A,Normal value,,,,,,,2,Two
DATAFLOW,OECD.SDD.TPS:DSD_PRICES@DF_PRICES_ALL(1.0),"Consumer price indices (CPIs, HICPs), COICOP 1999",I,USA,United States,A,Annual,N,National,CPI,Consumer price index,PA,Percent per annum,CP12,Miscellaneous goods and services,N,Neither seasonally adjusted nor calendar adjusted,GY,"Growth rate, over 1 year",2019,,3.045196,,A,Normal value,,,,,,,2,Two
DATAFLOW,OECD.SDD.TPS:DSD_PRICES@DF_PRICES_ALL(1.0),"Consumer price indices (CPIs, HICPs), COICOP 1999",I,USA,United States,A,Annual,N,National,CPI,Consumer price index,PA,Percent per annum,CP05,"Furnishings, household equipment and routine household maintenance",N,Neither seasonally adjusted nor calendar adjusted,GY,"Growth rate, over 1 year",2019,,1.748028,,A,Normal value,,,,,,,2,Two
DATAFLOW,OECD.SDD.TPS:DSD_PRICES@DF_PRICES_ALL(1.0),"Consumer price indices (CPIs, HICPs), COICOP 1999",I,USA,United States,A,Annual,N,National,CPI,Consumer price index,PA,Percent per annum,CP04,"Housing, water, electricity, gas and other fuels",N,Neither seasonally adjusted nor calendar adjusted,GY,"Growth rate, over 1 year",2019,,3.040952,,A,Normal value,,,,,,,2,Two
DATAFLOW,OECD.SDD.TPS:DSD_PRICES@DF_PRICES_ALL(1.0),"Consumer price indices (CPIs, HICPs), COICOP 1999",I,USA,United States,A,Annual,N,National,CPI,Consumer price index,PA,Percent per annum,CP11,Restaurants and hotels,N,Neither seasonally adjusted nor calendar adjusted,GY,"Growth rate, over 1 year",2019,,2.960448,,A,Normal value,,,,,,,2,Two
DATAFLOW,OECD.SDD.TPS:DSD_PRICES@DF_PRICES_ALL(1.0),"Consumer price indices (CPIs, HICPs), COICOP 1999",I,USA,United States,A,Annual,N,National,CPI,Consumer price index,PA,Percent per annum,CP09,Recreation and culture,N,Neither seasonally adjusted nor calendar adjusted,GY,"Growth rate, over 1 year",2019,,0.7961585,,A,Normal value,,,,,,,2,Two
DATAFLOW,OECD.SDD.TPS:DSD_PRICES@DF_PRICES_ALL(1.0),"Consumer price indices (CPIs, HICPs), COICOP 1999",I,USA,United States,A,Annual,N,National,CPI,Consumer price index,PA,Percent per annum,CP07,Transport,N,Neither seasonally adjusted nor calendar adjusted,GY,"Growth rate, over 1 year",2019,,-0.4611982,,A,Normal value,,,,,,,2,Two
DATAFLOW,OECD.SDD.TPS:DSD_PRICES@DF_PRICES_ALL(1.0),"Consumer price indices (CPIs, HICPs), COICOP 1999",I,USA,United States,A,Annual,N,National,CPI,Consumer price index,PA,Percent per annum,CP01,Food and non-alcoholic beverages,N,Neither seasonally adjusted nor calendar adjusted,GY,"Growth rate, over 1 year",2019,,0.8851313,,A,Normal value,,,,,,,2,Two
DATAFLOW,OECD.SDD.TPS:DSD_PRICES@DF_PRICES_ALL(1.0),"Consumer price indices (CPIs, HICPs), COICOP 1999",I,USA,United States,A,Annual,N,National,CPI,Consumer price index,PA,Percent per annum,CP03,Clothing and footwear,N,Neither seasonally adjusted nor calendar adjusted,GY,"Growth rate, over 1 year",2020,,-4.453169,,A,Normal value,,,,,,,2,Two
DATAFLOW,OECD.SDD.TPS:DSD_PRICES@DF_PRICES_ALL(1.0),"Consumer price indices (CPIs, HICPs), COICOP 1999",I,USA,United States,A,Annual,N,National,CPI,Consumer price index,PA,Percent per annum,_T,Total,N,Neither seasonally adjusted nor calendar adjusted,GY,"Growth rate, over 1 year",2019,,1.81221,,A,Normal value,,,,,,,2,Two
DATAFLOW,OECD.SDD.TPS:DSD_PRICES@DF_PRICES_ALL(1.0),"Consumer price indices (CPIs, HICPs), COICOP 1999",I,USA,United States,A,Annual,N,National,CPI,Consumer price index,PA,Percent per annum,CP10,Education,N,Neither seasonally adjusted nor calendar adjusted,GY,"Growth rate, over 1 year",2019,,2.900907,,A,Normal value,,,,,,,2,Two
DATAFLOW,OECD.SDD.TPS:DSD_PRICES@DF_PRICES_ALL(1.0),"Consumer price indices (CPIs, HICPs), COICOP 1999",I,USA,United States,A,Annual,N,National,CPI,Consumer price index,PA,Percent per annum,CP06,Health,N,Neither seasonally adjusted nor calendar adjusted,GY,"Growth rate, over 1 year",2019,,1.161041,,A,Normal value,,,,,,,2,Two
DATAFLOW,OECD.SDD.TPS:DSD_PRICES@DF_PRICES_ALL(1.0),"Consumer price indices (CPIs, HICPs), COICOP 1999",I,USA,United States,A,Annual,N,National,CPI,Consumer price index,PA,Percent per annum,CP02,"Alcoholic beverages, tobacco and narcotics",N,Neither seasonally adjusted nor calendar adjusted,GY,"Growth rate, over 1 year",2019,,3.250866,,A,Normal value,,,,,,,2,Two
