First Name,Last Name,Sport,Hometown City,Hometown State,Event
Brandon,Dickson,Baseball,Prattville,Alabama,Baseball
David,Robertson,Baseball,Tuscaloosa,Alabama,Baseball
James,Hall,Shooting,Anniston,Alabama,10m Air Pistol Men
Sandra,Uptagrafft,Shooting,Phenix City,Alabama,"10m Air Pistol Women, 25m Pistol Women"
Haylie,McCleney,Softball (Women),Morris,Alabama,Softball
Paige,Madden,Swimming,Mobile,Alabama,W 400m Freestyle
Zach,Harting,Swimming,Madison,Alabama,M 200m Butterfly
JuVaughn,Harrison,Track and Field,Huntsville,Alabama,"M High Jump, M Long Jump"
Quanesha,Burks,Track and Field,Harselle,Alabama,W Long Jump
Alev,Kelter,Rugby (Women),Eagle River,Alaska,Women
Lydia,Jacoby,Swimming,Seward,Alaska,W 100m Breaststroke
Brady,Ellison,Archery,Globe,Arizona,"M Individual, M Team"
Jamie,Westbrook,Baseball,Chandler,Arizona,Baseball
Brandon,McNulty,Cycling,Phoenix,Arizona,"M Individual Time Trial, M Road Race"
Corben,Sharrah,Cycling,Tucson,Arizona,Men - BMX
Delaney,Schnell,Diving,Tucson,Arizona,"W 10m Platform, W Sync 10m Platform"
Jade,Carey,Gymnastic (Artistic),Phoenix,Arizona,Women
Mykayla,Skinner,Gymnastic (Artistic),Gilbert,Arizona,Women
Brett,Thompson,Rugby (Men),Tempe,Arizona,Men
Maceo,Brown,Rugby (Men),Tempe,Arizona,Men
Alana,Smith,Skateboarding,Mesa,Arizona,W Street
Jagger,Eaton,Skateboarding,Mesa,Arizona,M Street
Julie,Ertz,Soccer (Women),Mesa,Arizona,Women
Bethanie,Mattek-Sands,Tennis,Phoenix,Arizona,W Doubles
Abdi,Abdirahman,Track and Field,Tucson,Arizona,M Marathon
Aliphine,Tuliamuk,Track and Field,Flagstaff,Arizona,W Marathon
Will,Claye,Track and Field,Phoenix,Arizona,M Triple Jump
Sarah,Sponcil,Volleyball (Beach),Phoenix,Arizona,Women
Kayla,Miracle,Wrestling,Phoenix,Arizona,W Freestyle 62kg
Kayle,Browning,Shooting,Wooster,Arkansas,Trap Women
Tara,Davis,Track and Field,Fayetteville,Arkansas,W Long Jump
Jack,Williams,Archery,Chula Vista,California,"M Individual, M Team"
Phillip,Chew,Badminton,Orange,California,M Doubles
Ryan,Chew,Badminton,Orange,California,M Doubles
Timothy,Lam,Badminton,Mountain View,California,M Singles
Anthony,Gose,Baseball,Bellflower,California,Baseball
Eric,Filia,Baseball,Huntington Beach,California,Baseball
Joe,Ryan,Baseball,San Francisco,California,Baseball
Nick,Allen,Baseball,San Diego,California,Baseball
Katie Lou,Samuelson,Basketball (3x3),Huntington Beach,California,Women
Kelsey,Plum,Basketball (3x3),Poway,California,Women
Damian,Lillard,Basketball (Men),Oakland,California,Men
Jrue,Holiday,Basketball (Men),Los Angeles,California,Men
Kevin,Love,Basketball (Men),Santa Monica,California,Men
Chelsea,Gray,Basketball (Women),Hayward,California,Women
Diana,Taurasi,Basketball (Women),Chino,California,Women
Richard,Torrez,Boxing,Tulare,California,M Super Heavy (+91kg)
Amber,Neben,Cycling,Lake Forest,California,W Individual Time Trial
Coryn,Rivera,Cycling,Newport Beach,California,W Road Race
Gavin,Hoover,Cycling,Manhattan Beach,California,"M Madison, M Omnium"
Haley,Batten,Cycling,Los Gatos,California,W Cross-country - MTB
Jennifer,Valente,Cycling,San Diego,California,"W Madison, W Omnium, W Team Pursuit"
Kate,Courtney,Cycling,Kentfield,California,W Cross-country - MTB
Leah,Thomas,Cycling,Boulder Creek,California,W Road Race
Megan,Jastrab,Cycling,Apple Valley,California,W Madison
Ruth,Winder,Cycling,Lafayette,California,W Road Race
Brandon,Loschiavo,Diving,Huntington Beach,California,M 10m Platform
Sabine,Schut-Kery,Equestrian,Thousand Oaks,California,"Dressage Individual, Dressage Team"
Steffen,Peters,Equestrian,San Diego,California,"Dressage Individual, Dressage Team"
Alexander,Massialas,Fencing,San Francisco,California,"M Foil Individual, M Foil Team"
Nick,Itkin,Fencing,Los Angeles,California,"M Foil Individual, M Foil Team"
Bryson,Dechambeau,Golf,Clovis,California,M Individual Stroke Play
Colin,Morikawa,Golf,La Canada,California,M Individual Stroke Play
Xander,Schauffele,Golf,San Diego,California,M Individual Stroke Play
Samuel,Mikulak,Gymnastic (Artistic),Newport Beach,California,Men
Isabelle,Connor,Gymnastics (Rhythmic),Manhattan Beach,California,Group All-Around
Nicole,Ahsinger,Gymnastics (Trampoline),San Diego,California,Women
Sakura,Kokumai,Karate,Stevenson Ranch,California,W KataCalifornia (126) - Continued
Kara,Kohler,Rowing,Clayton,California,W Single Sculls
Michelle,Sechser,Rowing,Folsom,California,Ltweight Womens Dble Sculls
Danny,Barrett,Rugby (Men),Pacifica,California,Men
Folau,Niua,Rugby (Men),East Palo Alto,California,Men
Matai,Leuta,Rugby (Men),Marina,California,Men
Steve,Tomasin,Rugby (Men),Santa Rosa,California,Men
Kayla,Canett,Rugby (Women),Fallbrook,California,Women
Naya,Tapper,Rugby (Women),Beaufort,California,Women
Nia,Toliver*,Rugby (Women),Los Angeles,California,Women
Charlie,Buckingham,Sailing,Newport Beach,California,Laser Men
Riley,Gibbs,Sailing,Long Beach,California,Nacra 17 Mixed
Brian,Burrows,Shooting,Fallbrook,California,Trap Men
Sagen,Maddalena,Shooting,Groveland,California,50m Rifle 3 Positions Women
Brighton,Zeuner,Skateboarding,Newport Beach,California,W Park
Bryce,Wettstein,Skateboarding,Encinitas,California,W Park
Cory,Juneau,Skateboarding,San Diego,California,M Park
Jordyn,Barratt,Skateboarding,Oceanside,California,W Park
Nyjah,Huston,Skateboarding,Laguna Beach,California,M Street
Abigail,Dahlkemper,Soccer (Women),Menlo Park,California,Women
Alex,Morgan,Soccer (Women),Diamond Bar,California,Women
Catarina,Macario*,Soccer (Women),Los Angeles,California,Women
Christen,Press,Soccer (Women),Palos Verdes Estates,California,Women
Lynn,Williams*,Soccer (Women),Fresno,California,Women
Megan,Rapinoe,Soccer (Women),Redding,California,Women
Tierna,Davidson,Soccer (Women),Menlo Park,California,Women
Alison,Aguilar,Softball (Women),Orangevale,California,Softball
Allyson,Carda,Softball (Women),Elk Grove,California,Softball
Aubree,Munro,Softball (Women),Brea,California,Softball
Dejah,Mulipola,Softball (Women),Anaheim,California,Softball
Delaney,Spaulding,Softball (Women),Rancho Cucamonga,California,Softball
Janette,Reed,Softball (Women),Placentia,California,SoftballCalifornia (126) - Continued
Madilyn,Nickles,Softball (Women),Merced,California,Softball
Monica,Abbott,Softball (Women),Salinas,California,Softball
Rachel,Garcia,Softball (Women),Palmdale,California,Softball
Valerie,Arioto,Softball (Women),Pleasanton,California,Softball
Kolohe,Andino,Surfing,San Clemente,California,Men
Abbey,Weitzeil,Swimming,Santa Clarita,California,"W 100m Freestyle, W 50m Freestyle"
Bryce,Mefford,Swimming,El Dorado Hills,California,M 200m Backstroke
Haley,Anderson,Swimming,Granite Bay,California,W 10km
Jake,Mitchell,Swimming,Folsom,California,M 400m Freestyle
Jordan,Wilimovsky,Swimming,Malibou,California,M 10km
Kathryn,McLaughlin,Swimming,Dana Point,California,W 200m Free (R)
Michael,Andrew,Swimming,Encinitas,California,"M 100m Breaststroke, M 200m Individual Medley, M 50m Freestyle"
Tom,Shields,Swimming,Huntington Beach,California,M 100m Butterfly
Kanak,Jha,Table Tennis,Milpitas,California,"M Singles, M Team"
Lily,Zhang,Table Tennis,Palo Alto,California,"W Singles, W Team"
Nikhil,Kumar,Table Tennis,San Jose,California,"M Singles, M Team"
Xin,Zhou,Table Tennis,Milpitas,California,M Team
Marcos,Giron,Tennis,Thousand Oaks,California,M Singles
Allyson,Felix,Track and Field,Los Angeles,California,"W 4 x 400m Relay, W 400m"
Brooke,Andersen,Track and Field,Vista,California,W Hammer Throw
Chris,Benard,Track and Field,Corona,California,M Triple Jump
Cravon,Gillespie,Track and Field,Pasadena,California,M 4 x 100m Relay
Isaiah,Jewett,Track and Field,Inglewood,California,M 800mCalifornia (126) - Continued
Jenna,Prandini,Track and Field,Clovis,California,"W 100m, W 200m, W 4 x 100m Relay"
Kendall,Ellis,Track and Field,North Hollywood,California,"W 4 x 400m Relay, W 400m"
Michael,Norman,Track and Field,Murrieta,California,"M 4 x 400m Relay, M 400m"
Nick,Christie,Track and Field,San Diego,California,M 20km Race Walk
Rachel,McCoy,Track and Field,Inland Empire,California,W High Jump
Robyn,Stevens,Track and Field,Vacaville,California,W 20km Race Walk
Katie,Zaferes,Triathlon,Santa Cruz,California,W Individual
Alix,Klineman,Volleyball (Beach),Manhattan Beach,California,Women
April,Ross,Volleyball (Beach),Costa Mesa,California,Women
Kelly,Claes,Volleyball (Beach),Fullerton,California,Women
David,Smith,Volleyball (Men),Saugus,California,Men
Garrett,Muagututia,Volleyball (Men),Oceanside,California,Men
Kyle,Ensing,Volleyball (Men),Valencia,California,Men
Taylor,Sander,Volleyball (Men),Corona,California,Men
Torey,DeFalco,Volleyball (Men),Huntington Beach,California,Men
Justine,Wong-Orantes,Volleyball (Women),Cypress,California,Women
Alex,Wolf,Water Polo (Men),Huntington Beach,California,Men
Alex,Bowen,Water Polo (Men),Santee,California,Men
Alex,Obert,Water Polo (Men),Loomis,California,Men
Ben,Hallock,Water Polo (Men),Studio City,California,Men
Drew,Holland,Water Polo (Men),Orinda,California,Men
Dylan,Woodhead,Water Polo (Men),San Anselmo,California,Men
Hannes,Daube,Water Polo (Men),Long Beach,California,Men
Jesse,Smith*,Water Polo (Men),Coronado,California,Men
Johnny,Hooper,Water Polo (Men),Los Angeles,California,Men
Marko,Vavic,Water Polo (Men),Rancho Palos Verdes,California,Men
Max,Irving,Water Polo (Men),Long Beach,California,MenCalifornia (126) - Continued
Alys,Williams,Water Polo (Women),Huntington Beach,California,Women
Aria,Fischer,Water Polo (Women),Laguna Beach,California,Women
Amanda,Longan,Water Polo (Women),Moorpark,California,Women
Jamie,Neushul*,Water Polo (Women),Isla Vista,California,Women
Kaleigh,Gilchrist,Water Polo (Women),Newport Beach,California,Women
Madeline,Musselman,Water Polo (Women),Newport Beach,California,Women
Makenzie,Fischer,Water Polo (Women),Laguna Beach,California,Women
Maggie,Steffens,Water Polo (Women),Danville,California,Women
Melissa,Seidemann,Water Polo (Women),Walnut Creek,California,Women
Paige,Hauschild,Water Polo (Women),Santa Barbara,California,Women
Rachel,Fattal,Water Polo (Women),Seal Beach,California,Women
Stephanie,Haralabidis,Water Polo (Women),Long Beach,California,Women
Sarah,Robles,Weightlifting,Desert Hot Springs,California,W +87kg
Zachary,Lokken,Canoe/Kayak,Durango,Colorado,M Canoe
Christopher,Blevins,Cycling,Durango,Colorado,M Cross-country - MTB
Erin,Huck,Cycling,Boulder,Colorado,W Cross-country - MTB
Maddie,Godby,Cycling,Louisville,Colorado,"W Keirin, W Sprint"
Yul,Moldauer,Gymnastic (Artistic),Arvada,Colorado,Men
Amro,Elgeziry,Pentathlon,Colorado Springs,Colorado,M Individual
Samantha,Schultz,Pentathlon,Littleton,Colorado,W Individual
Jessica,Thoennes,Rowing,Denver,Colorado,W Eight
Kendall,Chase,Rowing,Evergreen,Colorado,W Four
Cody,Melphy*,Rugby (Men),Littleton,Colorado,Men
Amber,English,Shooting,Colorado Springs,Colorado,Skeet Women
Lucas,Kozeniesky,Shooting,Colorado Springs,Colorado,10m Air Rifle Men
William,Shaner,Shooting,Colorado Springs,Colorado,10m Air Rifle Men
Lindsey,Horan,Soccer (Women),Golden,Colorado,Women
Brooke,Raboutou,Sport Climbing,Boulder,Colorado,W CombinedColorado (34) - Continued
Colin,Duffy,Sport Climbing,Broomfield,Colorado,M Combined
Anastasija,Zolotic,Taekwondo,Colorado Springs,Colorado,Women -57kg
Annie,Kunz,Track and Field,Denver,Colorado,W Heptathlon
Benard,Keter,Track and Field,Colorado Springs,Colorado,M 3000m Steeplechase
Elise,Cranny,Track and Field,Boulder,Colorado,"W 10,000m, W 5000m"
Emma,Coburn,Track and Field,Crested Butte,Colorado,W 3000m Steeplechase
Hillary,Bor,Track and Field,Colorado Springs,Colorado,M 3000m Steeplechase
Mason,Finley,Track and Field,Chaffee County,Colorado,M Discus Throw
Paul,Chelimo,Track and Field,Colorado Springs,Colorado,M 5000m
Valarie,Allman,Track and Field,Longmont,Colorado,W Discus Throw
Valerie,Constien,Track and Field,Edwards,Colorado,W 3000m Steeplechase
William,Kincaid,Track and Field,Littleton,Colorado,"M 10,000m, M 5000m"
Kevin,McDowell,Triathlon,Colorado Springs,Colorado,"M Individual, Mixed Relay"
Summer,Rappaport,Triathlon,Thornton,Colorado,"Mixed Relay, W Individual"
Haleigh,Washington,Volleyball (Women),Colorado Springs,Colorado,Women
Jordyn,Poulter,Volleyball (Women),Aurora,Colorado,Women
Adeline,Gray,Wrestling,Denver,Colorado,W Freestyle 76kg
Ildar,Hafizov,Wrestling,Colorado Springs,Colorado,M Greco-Roman 60kg
Jacarra,Winchester,Wrestling,San Leandro,Colorado,W Freestyle 53kg
Tracy,Hancock,Wrestling,Fountain,Colorado,M Greco-Roman 97kg
Austin,Hack,Rowing,Old Lyme,Connecticut,M Eight
Liam,Corrigan,Rowing,Old Lyme,Connecticut,M Eight
Alexis,Sablone,Skateboarding,Old Saybrook,Connecticut,W Street
Alyssa,Naeher,Soccer (Women),Stratford,Connecticut,Women
Kieran,Smith,Swimming,Ridgefield,Connecticut,"M 200m Freestyle, M 400m FreestyleDelaware (1)"
Marquis,Dendy,Track and Field,Wilmington,Delaware,M Long Jump
Kevin,Durant,Basketball (Men),Washington,D.C.,Men
Katharine,Holmes,Fencing,Washington,D.C.,"W Epee Individual, W Epee Team"
Frances,Tiafoe,Tennis,Washington,D.C.,"M Doubles, M Singles"
Taylor,Knibb,Triathlon,Washington,D.C.,"Mixed Relay, W Individual"
Eddy,Alvarez,Baseball,Miami,Florida,Baseball
Mark,Kolozsvary,Baseball,Eustis,Florida,Baseball
Nick,Martinez,Baseball,Miami,Florida,Baseball
Triston,Casas,Baseball,Pembroke Pines,Florida,Baseball
Sylvia,Fowles,Basketball (Women),Miami,Florida,Women
Lily,Williams,Cycling,Tallahassee,Florida,W Team Pursuit
Jordan,Windle,Diving,Fort Lauderdale,Florida,M 10m Platform
Adrienne,Lyle,Equestrian,Wellington,Florida,"Dressage Individual, Dressage Team"
Laura,Kraut,Equestrian,Wellington,Florida,"Jumping Individual, Jumping Team"
Kent,Farrington,Equestrian,Wellington,Florida,"Jumping Individual, Jumping Team"
Jessica,Korda,Golf,Jupiter,Florida,W Individual Stroke Play
Lexi,Thompson,Golf,Coral Springs,Florida,W Individual Stroke Play
Nelly,Korda,Golf,Bradenton,Florida,W Individual Stroke Play
Angelica,Delgado,Judo,Miami,Florida,Women -52 kg
Ariel,Torres,Karate,Hialeah,Florida,M Kata
Ben,Davison,Rowing,Inverness,Florida,M Eight
Clark,Dean,Rowing,Sarasota,Florida,M FourFlorida (51) - Continued
Katelin,Guregian,Rowing,Orlando,Florida,W Eight
Perry,Baker,Rugby (Men),Flagler Palm Coast,Florida,Men
Anna,Weis,Sailing,Fort Lauderdale,Florida,Nacra 17 Mixed
David,Hughes,Sailing,Miami,Florida,470 Men
Lara,Dallman-Weiss,Sailing,Miami,Florida,470 Women
Luke,Muller,Sailing,Fort Pierce,Florida,Finn Men
Nikole,Barnes,Sailing,Miami,Florida,470 Women
Paige,Railey,Sailing,Clearwater,Florida,Laser Radial Women
Pedro,Pascual,Sailing,Miami,Florida,RS X Men
Mary,Tucker,Shooting,Sarasota,Florida,"10m Air Rifle Women, 50m Rifle 3 Positions Women"
Jake,Ilardi,Skateboarding,Osprey,Florida,M Street
Zion,Wright,Skateboarding,Jupiter,Florida,M Park
Michelle,Moultrie,Softball (Women),Jacksonville,Florida,Softball
Caroline,Marks,Surfing,Melbourne Beach,Florida,Women
Caeleb,Dressel,Swimming,Orange Park,Florida,"M 100m Butterfly, M 100m Freestyle, M 50m Freestyle"
Emma,Weyant,Swimming,Sarasota,Florida,W 400m Individual Medley
Bobby,Finke,Swimming,Clearwater,Florida,"M 1500m Freestyle, M 800m Freestyle"
Ryan,Murphy,Swimming,Ponte Vedra Beach,Florida,"M 100m Backstroke, M 200m Backstroke"
Alison,Riske,Tennis,Orlando,Florida,W Singles
Coco,Gauff,Tennis,Boynton Beach,Florida,"W Doubles, W Singles"
Nicole,Melichar,Tennis,Stuart,Florida,W Doubles
Donald,Scott,Track and Field,Apopka,Florida,M Triple Jump
Erriyon,Knighton,Track and Field,Tampa,Florida,M 200m
Garrett,Scantling,Track and Field,Jacksonville,Florida,M Decathlon
Jessica,Ramsey,Track and Field,Boynton Beach,Florida,W Shot PutFlorida (51) - Continued
Kaylin,Whitney,Track and Field,Clermont,Florida,W 4 x 400m Relay
Teahna,Daniels,Track and Field,Orlando,Florida,"W 100m, W 4 x 100m Relay"
Trayvon,Bromell,Track and Field,St. Petersburg,Florida,"M 100m, M 4 x 100m Relay"
Nicholas,Lucena,Volleyball (Beach),Cooper City,Florida,Men
Philip,Dalhausser,Volleyball (Beach),Ormond Beach,Florida,Men
Foluke,Akinradewo,Volleyball (Women),Fort Lauderdale,Florida,Women
Ashleigh,Johnson,Water Polo (Women),Miami,Florida,Women
Mattie,Rogers,Weightlifting,Apopka,Florida,W 87kg
Alejandro,Sancho,Wrestling,Miami,Florida,M Greco-Roman 67kg
Anthony,Carter,Baseball,Lawrence,Georgia,Baseball
Tyler,Austin,Baseball,Conyers,Georgia,Baseball
Edwin,Jackson Jr.,Baseball,Columbus,Georgia,Baseball
Allisha,Gray,Basketball (3x3),Sandersville,Georgia,Women
Brody,Malone,Gymnastic (Artistic),Summerville,Georgia,Men
Henry,Leverett,Shooting,Bainbridge,Georgia,25m Rapid Fire Pistol Men
Jack,Leverett III,Shooting,Bainbridge,Georgia,25m Rapid Fire Pistol Men
Vincent,Hancock,Shooting,Eatonton,Georgia,Skeet Men
Emily,Sonnett,Soccer (Women),Marietta,Georgia,Women
Jane,Campbell*,Soccer (Women),Kennesaw,Georgia,Women
Kelley,O'Hara,Soccer (Women),Fayetteville,Georgia,Women
Brooks,Curry,Swimming,Dunwoody,Georgia,M 100m Free (R)
Jay,Litherland,Swimming,Athens,Georgia,M 400m Individual Medley
Gunnar,Bentz,Swimming,Atlanta,Georgia,M 200m Butterfly
Natalie,Hinds,Swimming,Athens,Georgia,W 100m Free (R)
Daniel,Haugh,Track and Field,Marietta,Georgia,M Hammer Throw
Daniel,Roberts,Track and Field,Atlanta,Georgia,M 110m Hurdles
Elija,Godwin,Track and Field,Covington,Georgia,4 x 400m Relay MixedGeorgia (20) - Continued
Javianne,Oliver,Track and Field,Monroe,Georgia,"W 100m, W 4 x 100m Relay"
Kendell,Williams,Track and Field,Kennesaw,Georgia,W Heptathlon
Kenny,Selmon,Track and Field,Atlanta,Georgia,M 400m Hurdles
Martin,Iosefo,Rugby (Men),Wahiawa,Hawaii,Men
Heimana,Reynolds,Skateboarding,Honolulu,Hawaii,M Park
Carissa,Moore,Surfing,Honolulu,Hawaii,Women
John,Florence,Surfing,Haleiwa,Hawaii,Men
Taylor,Crabb,Volleyball (Beach),Honolulu,Hawaii,Men
Erik,Shoji,Volleyball (Men),Honolulu,Hawaii,Men
Kawika,Shoji,Volleyball (Men),Honolulu,Hawaii,Men
Micah,Christenson,Volleyball (Men),Honolulu,Hawaii,Men
Jewell,Loyd,Basketball (Women),Lincolnwood,Illinois,Women
Anne-Elizabeth,Stone,Fencing,Chicago,Illinois,"W Sabre Individual, W Sabre Team"
Camilla,Feeley,Gymnastics (Rhythmic),Deerfield,Illinois,Group All-Around
Evita,Griskenas,Gymnastics (Rhythmic),Orland Park,Illinois,Individual All-Around
Laura,Zeng,Gymnastics (Rhythmic),Libertyville,Illinois,Individual All-Around
Lili,Mizuno,Gymnastics (Rhythmic),Northbrook,Illinois,Group All-Around
Nicole,Sladkov,Gymnastics (Rhythmic),Vernon Hills,Illinois,Group All-Around
Nefeli,Papadakis,Judo,Gurnee,Illinois,Women -78 kg
Lauren,Doyle,Rugby (Women),Boody,Illinois,Women
Maggie,Shea,Sailing,Wilmette,Illinois,49er FX Women
Casey,Krueger*,Soccer (Women),Naperville,Illinois,Women
Olivia,Smoliga,Swimming,Chicago,Illinois,W 100m Free (R)
Darryl,Sullivan Jr,Track and Field,Marion,Illinois,M High Jump
David,Kendziera,Track and Field,Mt. Prospect,Illinois,M 400m Hurdles
Kelsey,Card,Track and Field,Carlinville,Illinois,W Discus ThrowIllinois (19) - Continued
Tori,Franklin,Track and Field,Chicago,Illinois,W Triple Jump
Zach,Ziemek,Track and Field,Itasca,Illinois,M Decathlon
Thomas,Jaeschke,Volleyball (Men),Wheaton,Illinois,Men
Kelsey,Robinson,Volleyball (Women),Bartlett,Illinois,Women
Michelle,Bartsch-Hackley,Volleyball (Women),Champaign,Illinois,Women
Skylar,Diggins-Smith,Basketball (Women),South Bend,Indiana,Women
Chloe,Dygert,Cycling,Brownsburg,Indiana,"W Individual Time Trial, W Road Race, W Team Pursuit"
Felicia,Stancil,Cycling,Indianapolis,Indiana,Women - BMX
Alec,Yoder,Gymnastic (Artistic),Indianapolis,Indiana,Men
Joe,Schroeder,Rugby (Men),Westfield,Indiana,Men
Blake,Pieroni,Swimming,Chesterton,Indiana,M 100m Free (R)
Drew,Kibler,Swimming,Carmel,Indiana,M 200m Free (R)
Michael,Brinegar,Swimming,Columbus,Indiana,"M 1500m Freestyle, M 800m Freestyle"
Lilly,King,Swimming,Evansville,Indiana,"W 100m Breaststroke, W 200m Breaststroke"
Rajeev,Ram,Tennis,Carmel,Indiana,M Doubles
Cole,Hocker,Track and Field,Indianapolis,Indiana,M 1500m
Lynna,Irby,Track and Field,Indianapolis,Indiana,4 x 400m Relay Mixed
Rachel,Dincoff,Track and Field,Auburn,Indiana,W Discus Throw
Andrea,Drews,Volleyball (Women),Elkhart,Indiana,Women
Sarah,Hildebrandt,Wrestling,Granger,Indiana,W Freestyle 50kg
Karissa,Schweizer,Track and Field,Urbandale,Iowa,"W 10,000m, W 5000m"
Thomas,Gilman,Wrestling,Iowa City,Iowa,M Freestyle 57kgKansas (4)
Derek,Starling,Baseball,Gardner,Kansas,Baseball
Derrick,Mein,Shooting,Paola,Kansas,Trap Men
Adrianna,Franch,Soccer (Women),Salina,Kansas,Women
Kelsey,Stewart,Softball (Women),Wichita,Kansas,Softball
Gerek,Meinhardt,Fencing,Lexington,Kentucky,"M Foil Individual, M Foil Team"
Lee,Kiefer,Fencing,Lexington,Kentucky,"W Foil Individual, W Foil Team"
Justin,Thomas,Golf,Louisville,Kentucky,M Individual Stroke Play
Brooke,Forde,Swimming,Louisville,Kentucky,W 200m Free (R)
Ronnie,Baker,Track and Field,Louisville,Kentucky,"M 100m, M 4 x 100m Relay"
Yared,Nuguse,Track and Field,Louisville,Kentucky,M 1500m
Aliaksei,Shostak,Gymnastics (Trampoline),Lafayette,Louisiana,Men
Meghan,O'Leary,Rowing,Baton Rouge,Louisiana,W Quadruple Sculls
Aleia,Hobbs,Track and Field,New Orleans,Louisiana,W 4 x 100m Relay
Morgann,LeLeux,Track and Field,New Iberia,Louisiana,W Pole Vault
Vernon,Norwood,Track and Field,New Orleans,Louisiana,M 4 x 400m Relay
Rachel,Schneider,Track and Field,Sanford,Maine,W 5000m
Abby,Gustaitis,Rugby (Women),White Hall,Maryland,Women
Farrah,Hall,Sailing,Annapolis,Maryland,RS X Women
Andrew,Wilson,Swimming,Bethesda,Maryland,"M 100m Breaststroke, M 200m BreaststrokeMaryland (9) - Continued"
Chase,Kalisz,Swimming,Bel Air,Maryland,"M 200m Individual Medley, M 400m Individual Medley"
Katie,Ledecky,Swimming,Bethesda,Maryland,"W 1500m Freestyle, W 200m Freestyle, W 400m Freestyle, W 800m Freestyle"
Phoebe,Bacon,Swimming,Chevy Chase,Maryland,W 200m Backstroke
Christina,Clemons,Track and Field,Landover,Maryland,W 100m Hurdles
Helen,Maroulis,Wrestling,Rockville,Maryland,W Freestyle 57kg
Kyle,Snyder,Wrestling,Woodbine,Maryland,M Freestyle 97kg
Jennifer,Mucino-Fernandez,Archery,Boston,Massachusetts,"W Individual, W Team"
Lindi,Schroeder,Artistic Swimming,Andover,Massachusetts,Duet
Rashida,Ellis,Boxing,Lynn,Massachusetts,W Light (57-60kg)
Michael,Hixon,Diving,Amherst,Massachusetts,M Synch 3m Springboard
Andrew,Mackiewicz,Fencing,Westwood,Massachusetts,"M Sabre Individual, M Sabre Team"
Eli,Dershwitz,Fencing,Sherborn,Massachusetts,"M Sabre Individual, M Sabre Team"
Alexander,Richards,Rowing,Watertown,Massachusetts,M Eight
Andrew,Reed,Rowing,Wayland,Massachusetts,M Four
Cicely,Madden,Rowing,Weston,Massachusetts,W Quadruple Sculls
Genevra,Stone,Rowing,Newton,Massachusetts,W Double Sculls
Gia,Doonan,Rowing,Rochester,Massachusetts,W Eight
Conor,Harrity,Rowing,Weston,Massachusetts,M Eight
Kristina,Wagner,Rowing,Weston,Massachusetts,W Double Sculls
Regina,Salmons,Rowing,Methuen,Massachusetts,W Eight
Madison,Hughes,Rugby (Men),Lancaster,Massachusetts,Men
Kristi,Kirshe,Rugby (Women),Franklin,Massachusetts,Women
Kristen,Mewis,Soccer (Women),Hanson,Massachusetts,Women
Samantha,Mewis,Soccer (Women),Hanson,Massachusetts,WomenMassachusetts (21) - Continued
Gabrielle,Thomas,Track and Field,Northampton,Massachusetts,"W 100m, W 200m"
Heather,MacLean,Track and Field,Peabody,Massachusetts,W 1500m
Molly,Seidel,Track and Field,Boston,Massachusetts,W Marathon
Devin,Booker,Basketball (Men),Grand Rapids,Michigan,Men
Draymond,Green,Basketball (Men),Saginaw,Michigan,Men
Hannah,Roberts,Cycling,Buchanan,Michigan,W Park - BMF
Ellen,Tomek,Rowing,Flushing,Michigan,W Quadruple Sculls
Grace,Luczak,Rowing,Ann Arbor,Michigan,W Four
Amanda,Chidester,Softball (Women),Ann Arbor,Michigan,Softball
Allison,Schmitt,Swimming,Canton,Michigan,W 200m Freestyle
Annie,Lazor,Swimming,Beverly Hills,Michigan,W 200m Breaststroke
Catie,DeLoof,Swimming,Grosse Pointe Park,Michigan,W 100m Free (R)
Anavia,Battle,Track and Field,Inkster,Michigan,W 200m
Grant,Fisher,Track and Field,Grand Blanc,Michigan,"M 10,000m, M 5000m"
Steven,Bastien,Track and Field,Ann Arbor,Michigan,M Decathlon
Taylor,Manson,Track and Field,Lansing,Michigan,4 x 400m Relay Mixed
Kate,Nye,Weightlifting,Rochester,Michigan,W 76kg
Alise,Willoughby,Cycling,St. Cloud,Minnesota,Women - BMX
Shane,Wiskus,Gymnastic (Artistic),Spring Park,Minnesota,Men
Grace,McCallum,Gymnastic (Artistic),Isanti,Minnesota,Women
Sunisa,Lee,Gymnastic (Artistic),St. Paul,Minnesota,Women
Patrick,Sunderman,Shooting,Farmington,Minnesota,50m Rifle 3 Positions Men
Kyra,Condie,Sport Climbing,Shoreview,Minnesota,W Combined
Regan,Smith,Swimming,Lakeville,Minnesota,"W 100m Backstroke, W 200m Butterfly"
Joe,Klecker,Track and Field,Hopkins,Minnesota,"M 10,000mMinnesota (12) - Continued"
Mason,Ferlic,Track and Field,Minneapolis,Minnesota,M 3000m Steeplechase
Payton,Otterdahl,Track and Field,Rosemount,Minnesota,M Shot Put
Jordan,Thompson,Volleyball (Women),Minneapolis,Minnesota,Women
Gable,Steveson,Wrestling,Minneapolis,Minnesota,M Freestyle 125kg
Brittney,Reese,Track and Field,Gulfport,Mississippi,W Long Jump
Cory,McGee,Track and Field,Pass Christian,Mississippi,W 1500m
Erica,Bougard,Track and Field,Byhalia,Mississippi,W Heptathlon
Sam,Kendricks,Track and Field,Oxford,Mississippi,M Pole Vault
Shelby,McEwen,Track and Field,Abbeville,Mississippi,M High Jump
Bradley,Beal,Basketball (Men),St. Louis,Missouri,Men
Jayson,Tatum,Basketball (Men),St. Louis,Missouri,Men
Napheesa,Collier,Basketball (Women),St. Charles,Missouri,Women
Tyler,Downs,Diving,Ballwin,Missouri,M 3m Springboard
Becky,Sauerbrunn,Soccer (Women),St. Louis,Missouri,Women
Christopher,Nilsen,Track and Field,Kansas City,Missouri,M Pole Vault
Courtney,Frerichs,Track and Field,Nixa,Missouri,W 3000m Steeplechase
Deanna,Price,Track and Field,Old Monroe/Troy,Missouri,W Hammer Throw
Gwen,Berry,Track and Field,St. Louis,Missouri,W Hammer Throw
KC,Lightfoot,Track and Field,Lee's Summit,Missouri,M Pole Vault
Nicole,Heavirland,Rugby (Women),Whitefish,Montana,Women
Alison,Weisz,Shooting,Belgrade,Montana,10m Air Rifle Women
Nickolaus,Mowrer,Shooting,Butte,Montana,"10m Air Pistol Men, 50m Rifle 3 Positions MenNebraska (2)"
Maggie,Malone,Track and Field,Geneva,Nebraska,W Javelin Throw
Jordan,Larson,Volleyball (Women),Hooper,Nebraska,Women
Beiwen,Zhang,Badminton,Las Vegas,Nevada,W Singles
Yarisel,Ramirez,Boxing,Las Vegas,Nevada,W Feather (54-57kg)
Connor,Fields,Cycling,Las Vegas,Nevada,Men - BMX
Perris,Benegas,Cycling,Reno,Nevada,W Park - BMF
Krysta,Palmer,Diving,Gardnerville,Nevada,"W 3m Springboard, W Sync 3m Springboard"
Danielle,Kang,Golf,Las Vegas,Nevada,W Individual Stroke Play
Alexis,Lagan,Shooting,Boulder City,Nevada,"10m Air Pistol Women, 25m Pistol Women"
Arabella,Sims,Swimming,Henderson,Nevada,W 200m Free (R)
Bowen,Becker,Swimming,Reno,Nevada,M 100m Free (R)
Erica,Sullivan,Swimming,Las Vegas,Nevada,W 1500m Freestyle
Katie,Grimes,Swimming,Las Vegas,Nevada,W 800m Freestyle
Vashti,Cunningham,Track and Field,Las Vegas,Nevada,W High Jump
Ben,Stevenson,Water Polo (Men),Reno,Nevada,Men
Jessica,Parratto,Diving,Dover,New Hampshire,W Sync 10m Platform
Todd,Frazier,Baseball,Toms River,New Jersey,Baseball
Edrice,Adebayo,Basketball (Men),Newark,New Jersey,Men
Sue,Bird,Basketball (Women),Syosset,New Jersey,Women
Jessica,Springsteen,Equestrian,Colts Neck,New Jersey,"Jumping Individual, Jumping Team"
Dagmara,Wozniak,Fencing,Avenel,New Jersey,"W Sabre Individual, W Sabre TeamNew Jersey (20) - Continued"
Jackie,Dubrovich,Fencing,Riverdale,New Jersey,"W Foil Individual, W Foil Team"
Elizaveta,Pletneva,Gymnastics (Rhythmic),Caldwell,New Jersey,Group All-Around
Colton,Brown,Judo,Piscataway,New Jersey,Men -90 kg
Mary,Reckford,Rowing,Short Hills,New Jersey,Ltweight Womens Dble Sculls
Tracy,Eisser,Rowing,Fair Lawn,New Jersey,W Pair
Carli,Lloyd,Soccer (Women),Delran,New Jersey,Women
Tobin,Heath,Soccer (Women),Basking Ridge,New Jersey,Women
Nic,Fink,Swimming,Morristown,New Jersey,M 200m Breaststroke
Athing,Mu,Track and Field,Trenton,New Jersey,W 800m
Curtis,Thompson,Track and Field,Florence,New Jersey,M Javelin Throw
English,Gardner,Track and Field,Willingboro,New Jersey,W 4 x 100m Relay
Keturah,Orji,Track and Field,Mount Olive,New Jersey,W Triple Jump
Sam,Mattis,Track and Field,East Brunswick,New Jersey,M Discus Throw
Sydney,McLaughlin,Track and Field,Dunellen,New Jersey,W 400m Hurdles
Morgan,Pearson,Triathlon,New Vernon,New Jersey,"M Individual, Mixed Relay"
Mariah,Duran,Skateboarding,Albuquerque,New Mexico,W Street
Anita,Alvarez,Artistic Swimming,Kenmore,New York,Duet
Patrick,Kivlehan,Baseball,West Nyack,New York,Baseball
Stefanie,Dolson,Basketball (3x3),Port Jervis,New York,Women
Breanna,Stewart,Basketball (Women),North Syracuse,New York,Women
Tina,Charles,Basketball (Women),Jamaica,New York,Women
Emma,White,Cycling,Duanesburg,New York,W Team Pursuit
Curtis,McDowald,Fencing,Jamaica,New York,"M Epee Individual, M Epee Team"
Daryl,Homer,Fencing,Bronx,New York,"M Sabre Individual, M Sabre TeamNew York (27) - Continued"
Nicole,Ross,Fencing,New York,New York,"W Foil Individual, W Foil Team"
Yeisser,Ramirez,Fencing,New York,New York,"M Epee Individual, M Epee Team"
Nina,Cutro-Kelly,Judo,Albany,New York,Women +78 kg
Brian,Irr,Karate,Newfane,New York,M Kumite +75kg
Brooke,Mooney,Rowing,Keene Valley,New York,W Eight
Charlotte,Buck,Rowing,Nyack,New York,W Eight
Kristine,O'Brien,Rowing,Massapequa Park,New York,W Eight
Meghan,Musnicki,Rowing,Naples,New York,W Eight
Olivia,Coffey,Rowing,Watkins Glen,New York,W Eight
Crystal,Dunn,Soccer (Women),Rockville Centre,,Women
Ashley,Twichell,Swimming,Fayetteville,New York,W 10km
Katie,Douglass,Swimming,Pelham,New York,W 200m Individual Medley
Juan,Liu,Table Tennis,College Point,New York,"W Singles, W Team"
Jessica,Pegula,Tennis,Buffalo,New York,"W Doubles, W Singles"
Dalilah,Muhammad,Track and Field,Jamaica,New York,W 400m Hurdles
Rai,Benjamin,Track and Field,Mount Vernon,New York,M 400m Hurdles
Rudy,Winkler,Track and Field,Sand Lake,New York,M Hammer Throw
Matthew,Anderson,Volleyball (Men),West Seneca,New York,Men
Kyle,Dake,Wrestling,Lansing,New York,M Freestyle 74kg
Ryder,Ryan,Baseball,Huntersville,North Carolina,Baseball
Tim,Federowicz,Baseball,Chapel Hill,North Carolina,Baseball
Naomi,Graham,Boxing,Fayetteville,North Carolina,W Middle (69-75kg)
Evy,Leibfarth,Canoe/Kayak,Bryson City,North Carolina,"W Canoe, W Kayak"
Michal,Smolen,Canoe/Kayak,Charlotte,North Carolina,M KayakNorth Carolina (13) - Continued
Andrew,Capobianco,Diving,Holly Springs,North Carolina,"M 3m Springboard, M Synch 3m Springboard"
Claire,Curzan,Swimming,Cary,North Carolina,W 100m Butterfly
Tommy,Paul,Tennis,Greenville,North Carolina,M Singles
Anna,Cockrell,Track and Field,Charlotte,North Carolina,"W 100m Hurdles, W 400m Hurdles"
Gabriele,Cunningham,Track and Field,Charlotte,North Carolina,W 100m Hurdles
Kendra,Harrison,Track and Field,Clayton,North Carolina,W 100m Hurdles
Randolph,Ross,Track and Field,Raleigh,North Carolina,"M 4 x 400m Relay, M 400m"
Caine,Wilkes,Weightlifting,Indian Trail,North Carolina,M +109kg
Jacob,Wukie,Archery,Fremont,Ohio,"M Individual, M Team"
Delante,Johnson,Boxing,Cleveland,Ohio,M Welter (63-69kg)
Duke,Ragan,Boxing,Cincinnati,Ohio,M Feather (52-57kg)
Oshae,Jones,Boxing,Toledo,Ohio,W Welter (64-69kg)
Nick,Bruce,Cycling,Hubbard,Ohio,M Park - BMF
Carlin,Isles,Rugby (Men),Massillon,Ohio,Men
Rose,Lavelle,Soccer (Women),Cincinnati,Ohio,Women
Hunter,Armstrong,Swimming,Dover,Ohioo,M 100m Backstroke
Zachary,Apple,Swimming,Trenton,Ohio,M 100m Freestyle
Adelaide,Aquilla,Track and Field,Westlake,Ohio,W Shot Put
Clayton,Murphy,Track and Field,New Madison,Ohio,M 800m
Katie,Nageotte,Track and Field,Olmsted Falls,Ohio,W Pole Vault
Reggie,Jagers III,Track and Field,Cleveland,Ohio,M Discus Throw
Maxwell,Holt,Volleyball (Men),Cincinnati,Ohio,Men
Patrick,Callan,Swimming,Tulsa,Oklahoma,M 200m Free (R)
Micha,Hancock,Volleyball (Women),Edmond,Oklahoma,WomenOregon (9)
Jerami,Grant,Basketball (Men),Portland,Oregon,Men
Mariel,Zagunis,Fencing,Portland,Oregon,"W Sabre Individual, W Sabre Team"
Devon,Allen,Track and Field,Eugene,Oregon,M 110m Hurdles
Galen,Rupp,Track and Field,Portland,Oregon,M Marathon
Matthew,Centrowitz,Track and Field,Portland,Oregon,M 1500m
Micah,Williams,Track and Field,Portland,Oregon,M 4 x 100m Relay
Ryan,Crouser,Track and Field,Boring,Oregon,M Shot Put
Sally,Kipyego,Track and Field,Eugene,Oregon,W Marathon
Kimberly,Hill,Volleyball (Women),Portland,Oregon,Women
Casey,Kaufhold,Archery,Lancaster,Pennsylvania,"W Individual, W Team"
Scott,McGough,Baseball,Pittsburgh,Pennsylvania,Baseball
Payton,Ridenour,Cycling,Pottstown,Pennsylvania,Women - BMX
Boyd,Martin,Equestrian,Cochranville,Pennsylvania,"Eventing Individual, Eventing Team"
Phillip,Dutton,Equestrian,West Grove,Pennsylvania,"Eventing Individual, Eventing Team"
Jacob,Hoyle,Fencing,Wallingford,Pennsylvania,"M Epee Individual, M Epee Team"
Alex,Miklasevich,Rowing,Pittsburgh,Pennsylvania,M Eight
Julian,Venonsky,Rowing,Philadelphia,Pennsylvania,M Eight
Justin,Best,Rowing,Kennett Square,Pennsylvania,M Eight
Michael,Grady,Rowing,Pittsburgh,Pennsylvania,M Four
Nicholas,Mead,Rowing,Strafford,Pennsylvania,M Eight
Ariana,Ramsey,Rugby (Women),Philadelphia,Pennsylvania,Women
Kris,Thomas,Rugby (Women),Philadelphia,Pennsylvania,Women
Hali,Flickinger,Swimming,Spring Grove,Pennsylvania,"W 200m Butterfly, W 400m Individual Medley"
Jennifer,Brady,Tennis,Harrisburg,Pennsylvania,W Singles
Ajee,Wilson,Track and Field,Philadelphia,Pennsylvania,W 800mPennsylvania (21) - Continued
Joseph,Kovacs,Track and Field,Nazareth,Pennsylvania,M Shot Put
Michael,Shuey,Track and Field,Johnsonburg,Pennsylvania,M Javelin Throw
Mitchell,Stahl,Volleyball (Men),Chambersburg,Pennsylvania,Men
David,Taylor,Wrestling,State College,Pennsylvania,M Freestyle 86kg
John,Stefanowicz,Wrestling,New Park,Pennsylvania,M Greco-Roman 87kg
Anders,Weiss,Rowing,Barrington,Rhode Island,M Four
Stuart,McNay,Sailing,Providence,Rhode Island,470 Men
Emily,Sisson,Track and Field,Providence,Rhode Island,"W 10,000m"
Khris,Middleton,Basketball (Men),Charleston,South Carolina,Men
A'ja,Wilson,Basketball (Women),Columbia,South Carolina,Women
Doug,Payne,Equestrian,Aiken,South Carolina,"Eventing Individual, Eventing Team"
Quanera,Hayes,Track and Field,Dillon,South Carolina,"W 4 x 400m Relay, W 400m"
Raven,Saunders,Track and Field,Charleston,South Carolina,W Shot Put
Sandi,Morris,Track and Field,Greenville,South Carolina,W Pole Vault
Wadeline,Jonathas,Track and Field,Columbia,South Carolina,"W 4 x 400m Relay Y QLF, W 400m"
Clarence,Cummings,Weightlifting,Beaufort,South Carolina,M 73kg
Paige,McPherson,Taekwondo,Sturgis,South Dakota,Women -67kg
Alex,Walsh,Swimming,Nashville,Tennessee,W 200m Individual Medley
Erika,Brown,Swimming,Knoxville,Tennessee,W 100m Freestyle
Tennys,Sandgren,Tennis,Gallatin,Tennessee,"M Doubles, M SinglesTennessee (5) - Continued"
Alex,Young,Track and Field,La Vergne,Tennessee,M Hammer Throw
Wesley,Kitts,Weightlifting,Knoxville,Tennessee,M 109kg
Mackenzie,Brown,Archery,Flint,Texas,"W Individual, W Team"
Scott,Kazmir,Baseball,Cypress Falls,Texas,Baseball
Shane,Baz,Baseball,Cypress,Texas,Baseball
Simeon,Woods Richardson,Baseball,Sugar Land,Texas,Baseball
Ariel,Atkins,Basketball (Women),Dallas,Texas,Women
Brittney,Griner,Basketball (Women),Houston,Texas,Women
Virginia,Fuchs,Boxing,Houston,Texas,W Fly (48-51kg)
Lawson,Craddock,Cycling,Houston,Texas,"M Individual Time Trial, M Road Race"
Alison,Gibson,Diving,Austin,Texas,W Sync 3m Springboard
Hailey,Hernandez,Diving,Southlake,Texas,W 3m Springboard
Courtney,Hurley,Fencing,San Antonio,Texas,"W Epee Individual, W Epee Team"
Kelley,Hurley,Fencing,San Antonio,Texas,"W Epee Individual, W Epee Team"
Simone,Biles,Gymnastic (Artistic),Spring,Texas,Women
Thomas,Scott,Karate,Richardson,Texas,M Kumite -75kg
Kevon,Williams,Rugby (Men),Houston,Texas,Men
Austen,Smith,Shooting,Keller,Texas,Skeet Women
Phillip,Jungman,Shooting,Caldwell,Texas,Skeet Men
Catherine,Osterman,Softball (Women),Houston,Texas,Softball
Simone,Manuel,Swimming,Sugar Land,Texas,W 50m Freestyle
Huijing,Wang,Table Tennis,Sugar Land,Texas,W Team
Austin,Krajicek,Tennis,Plano,Texas,M Doubles
Ariana,Ince,Track and Field,Gonzales,Texas,W Javelin Throw
Bryce,Deadmon,Track and Field,Missouri City,Texas,4 x 400m Relay MixedTexas (31) - Continued
Bryce,Hoppel,Track and Field,Midland,Texas,M 800m
Fred,Kerley,Track and Field,San Antonio,Texas,"M 100m, M 200m, M 4 x 100m Relay"
Jasmine,Moore,Track and Field,Grand Prairie,Texas,W Triple Jump
Raevyn,Rogers,Track and Field,Houston,Texas,W 800m
Steffin,McCarter,Track and Field,Copperas Cove,Texas,M Long Jump
Chiaka,Ogbogu,Volleyball (Women),Coppell,Texas,Women
Jourdan,Delacruz,Weightlifting,Wylie,Texas,W 49kg
Tamyra,Mensah-Stock,Wrestling,Katy,Texas,W Freestyle 68kg
Jordan,Matyas,Rugby (Women),Calgary,Utah,Women
Nathaniel,Coleman,Sport Climbing,Salt Lake City,Utah,M Combined
Rhyan,White,Swimming,Herriman,Utah,"W 100m Backstroke, W 200m Backstroke"
Jacob,Gibb,Volleyball (Beach),Bountiful,Utah,Men
Ilona,Maher,Rugby (Women),Burlington,Vermont,Women
Elinor,Purrier,Track and Field,Montgomery,Vermont,W 1500m
Keyshawn,Davis,Boxing,Norfolk,Virginia,M Light (57-63kg)
Troy,Isley,Boxing,Alexandria,Virginia,M Middle (69-75kg)
Justin,Dowell,Cycling,Virginia Beach,Virginia,M Park - BMF
Claire,Collins,Rowing,McLean,Virginia,W Four
Cheta,Emba,Rugby (Women),Richmond,Virginia,Women
Andrew,Seliskar,Swimming,McLean,Virginia,M 200m Free (R)
Townley,Haas,Swimming,Henrico,Virginia,M 200m Freestyle
Torri,Huske,Swimming,Arlington,Virginia,W 100m Butterfly
Grant,Holloway,Track and Field,Chesapeake,Virginia,M 110m HurdlesVirginia (13) - Continued
Michael,Cherry,Track and Field,Chesapeake,Virginia,"M 4 x 400m Relay, M 400m"
Noah,Lyles,Track and Field,Alexandria,Virginia,M 200m
Trevor,Stewart,Track and Field,Lorton,Virginia,"M 4 x 400m Relay, M 400m"
Ty,Butts-Townsend,Track and Field,Hampton,Virginia,W High Jump
Zach,Lavine,Basketball (Men),Renton,Washington,Men
Nevin,Harrison,Canoe/Kayak,Seattle,Washington,W Canoe Single 200m
Adrian,Hegyvary,Cycling,Seattle,Washington,M Madison
Katrina,Young,Diving,Seattle,Washington,W 10m Platform
Jordan,Chiles,Gymnastic (Artistic),Vancouver,Washington,Women
Jacob,Riley,Track and Field,Bellingham,Washington,M Marathon
Kara,Winger,Track and Field,Vancouver,Washington,W Javelin Throw
Harrison,Maurus,Weightlifting,Auburn,Washington,M 81kg
Alison,Rusher,Rowing,West Bend,Wisconsin,W Quadruple Sculls
Madeleine,Wanamaker,Rowing,Neenah,Wisconsin,W Four
Megan,Kalmoe,Rowing,Saint Croix Falls,Wisconsin,W Pair
Stephanie,Roble,Sailing,East Troy,Wisconsin,49er FX Women
Madelynn,Bernau,Shooting,Waterford,Wisconsin,Trap Women
Alicia,Monson,Track and Field,Amery,Wisconsin,"W 10,000m"
Kenneth,Bednarek,Track and Field,Rice Lake,Wisconsin,"M 100m, M 200m"
Luca,Cupido,Water Polo (Men),Santa Margherita Ligure,Italy,Men
Jack,Lopez,Baseball,Toa Alta,Puerto Rico,Baseball